duration,protocol_type,service,flag,src_bytes,dst_bytes,land,wrong_fragment,urgent,hot,num_failed_logins,logged_in,num_compromised,root_shell,su_attempted,num_root,num_file_creations,num_shells,num_access_files,num_outbound_cmds,is_host_login,is_guest_login,count,srv_count,serror_rate,srv_serror_rate,rerror_rate,srv_rerror_rate,same_srv_rate,diff_srv_rate,srv_diff_host_rate,dst_host_count,dst_host_srv_count,dst_host_same_srv_rate,dst_host_diff_srv_rate,dst_host_same_src_port_rate,dst_host_srv_diff_host_rate,dst_host_serror_rate,dst_host_srv_serror_rate,dst_host_rerror_rate,dst_host_srv_rerror_rate
69,icmp,ftp,SH,14242,34172,0,2,0,5,1,0,1,0,1,4,3,0,4,0,0,0,187,389,0.52,0.22,0.41,0.45,0.64,0.69,0.39,110,162,0.6,0.39,0.79,0.88,0.69,0.17,0.11,0.19
24,icmp,ftp,REJ,26782,1368,1,3,0,5,2,0,5,1,0,5,1,1,2,0,0,0,494,270,0.39,0.37,0.84,0.99,0.67,0.35,0.34,112,23,0.45,0.59,0.88,0.72,0.98,0.2,0.92,0.35
79,icmp,other,S0,41606,6885,0,3,0,4,5,0,4,0,1,0,4,2,2,0,0,0,500,152,0.15,1.0,1.0,0.98,0.63,0.32,0.58,162,229,0.64,0.32,0.91,0.27,0.41,0.44,0.76,0.17
42,udp,http,S0,9920,27752,0,0,0,1,3,0,0,1,1,3,4,2,3,0,0,1,32,218,0.07,0.21,0.78,0.95,0.65,0.87,0.29,133,76,0.17,0.19,0.66,0.88,0.28,0.94,0.06,0.58
13,tcp,dns,SH,28611,19150,0,3,0,0,0,0,3,1,0,4,5,0,4,0,0,1,295,430,0.82,0.74,0.16,0.43,0.51,0.55,0.48,239,223,0.73,0.69,0.58,0.28,0.39,0.39,0.35,0.73
16,tcp,ftp,REJ,4122,11098,1,2,0,5,3,1,2,1,1,1,0,1,4,0,0,1,186,110,0.28,0.08,0.41,0.69,0.68,0.56,0.46,4,53,0.29,0.57,0.87,0.04,0.92,0.47,0.69,0.52
7,tcp,ftp,RSTO,42916,41932,1,1,0,5,0,0,2,0,1,4,1,0,5,0,0,1,96,450,0.86,0.48,0.81,0.72,0.13,0.85,0.64,223,6,0.31,0.59,0.19,0.16,0.33,0.03,0.34,0.98
42,udp,other,REJ,689,46812,0,3,0,3,2,0,0,0,0,3,3,2,5,0,0,1,6,411,0.67,0.94,0.31,0.15,0.1,0.84,0.85,159,230,0.64,0.03,0.75,1.0,0.99,0.87,0.54,0.66
37,tcp,ftp_data,REJ,4910,28008,1,2,0,8,2,0,2,0,1,0,0,2,0,0,0,0,305,65,0.86,0.7,0.48,0.98,0.89,0.58,0.51,113,140,0.54,0.3,0.5,0.83,0.09,0.49,0.72,0.44
46,icmp,other,S0,23424,8672,1,0,0,6,0,1,3,1,0,1,2,1,2,0,0,1,200,247,0.16,0.29,0.68,0.62,0.07,0.32,0.11,120,41,0.58,0.38,0.94,0.39,0.64,0.06,0.04,0.69
40,udp,ftp,RSTO,36834,15241,0,1,0,0,1,1,1,0,0,0,4,1,5,0,0,0,403,457,0.81,0.35,0.61,0.99,0.18,0.01,0.99,32,50,0.62,0.31,0.98,0.77,0.42,0.02,0.44,0.79
51,icmp,http,S0,17322,18784,1,1,0,1,5,0,3,1,0,2,5,1,2,0,0,1,492,324,0.44,0.95,0.17,0.72,0.5,0.45,0.97,210,45,0.56,0.17,0.62,0.52,0.83,0.99,0.33,0.26
35,icmp,http,SF,17522,13915,1,3,0,9,5,0,4,0,0,3,2,1,2,0,0,1,339,121,0.51,0.65,0.31,0.35,0.21,0.66,0.05,89,188,0.86,0.39,1.0,0.72,0.08,0.17,0.87,0.81
55,udp,http,RSTO,14729,34759,0,1,0,5,1,1,5,0,1,2,4,1,4,0,0,1,408,390,0.65,0.61,0.85,0.2,0.63,0.82,0.71,210,233,0.05,0.64,0.08,0.2,0.68,1.0,0.05,0.38
81,tcp,http,REJ,28744,7428,0,1,0,0,2,0,5,0,1,1,5,1,1,0,0,0,314,221,0.9,0.95,0.79,0.3,0.3,0.9,0.11,88,249,0.88,0.52,0.08,0.95,0.13,0.99,0.29,0.59
51,tcp,dns,SH,11819,49506,0,3,0,0,3,1,5,0,1,5,5,1,2,0,0,0,170,262,0.83,0.06,0.29,0.58,0.82,0.97,0.24,51,212,0.47,0.27,0.24,0.2,0.98,0.05,0.63,0.99
45,udp,ssh,REJ,12282,22422,1,0,0,2,4,0,1,0,1,0,5,2,5,0,0,1,283,23,0.99,0.68,0.66,0.58,0.85,0.41,0.63,60,91,0.43,0.1,0.17,0.41,0.65,0.96,0.17,0.95
36,tcp,dns,RSTO,14871,10572,1,2,0,4,5,0,3,1,0,0,3,1,5,0,0,0,454,310,0.18,0.21,0.48,0.27,0.35,0.24,0.35,250,29,0.48,0.38,0.07,0.63,0.78,0.6,0.8,0.78
94,tcp,smtp,SH,13421,12911,1,2,0,6,3,1,3,0,1,1,2,2,0,0,0,1,467,28,0.12,0.45,0.7,0.22,0.14,0.74,0.44,225,183,0.03,0.25,0.84,0.73,0.9,0.47,0.01,0.23
67,tcp,smtp,S0,38298,10230,0,1,0,0,3,0,3,0,1,5,1,2,1,0,0,1,496,456,0.16,0.75,0.95,0.25,0.2,0.35,0.1,244,91,0.65,0.01,0.81,0.29,0.11,0.17,0.5,0.81
4,icmp,ftp_data,RSTO,26912,43856,1,1,0,2,3,1,0,0,1,3,1,2,5,0,0,0,105,154,0.81,0.13,0.63,0.57,0.46,0.73,0.53,29,130,0.34,0.68,0.54,0.11,0.9,0.9,0.36,0.34
62,udp,ftp_data,SF,49834,46651,0,3,0,0,0,0,5,1,1,2,1,1,3,0,0,1,471,320,0.55,1.0,0.22,0.41,0.8,0.8,0.25,11,125,0.04,0.85,0.98,0.16,0.74,0.39,0.68,0.13
45,udp,dns,SH,14864,17651,1,2,0,7,3,1,5,1,0,2,1,1,4,0,0,1,77,506,0.29,0.22,0.35,0.1,0.58,0.06,0.88,119,246,0.06,0.26,0.65,0.68,0.08,0.34,0.51,0.55
11,udp,ftp_data,S0,2393,42481,0,2,0,0,0,0,0,1,0,2,5,0,4,0,0,1,132,41,0.68,0.71,0.23,0.62,0.85,0.13,0.46,56,18,0.24,0.4,0.32,0.33,0.67,0.65,0.09,0.9
40,tcp,ftp_data,SH,2609,5071,1,3,0,9,2,0,2,0,1,0,2,2,2,0,0,0,191,210,0.04,0.52,0.43,0.7,0.43,0.15,0.72,121,220,0.92,0.72,0.17,0.13,0.7,0.51,0.74,0.02
57,tcp,other,S0,24822,25036,0,0,0,1,3,1,5,0,1,4,5,1,0,0,0,0,437,476,0.18,0.24,0.27,0.42,0.2,0.78,0.09,208,10,0.92,0.05,0.93,0.89,0.49,0.28,0.52,0.47
41,icmp,dns,SH,9977,40749,0,3,0,0,3,0,3,1,0,2,3,2,1,0,0,1,501,418,0.14,0.14,0.54,0.53,0.69,0.01,0.78,178,127,0.79,0.47,0.01,0.49,0.79,0.8,0.32,0.2
69,icmp,http,RSTO,19816,213,0,1,0,6,0,1,1,0,0,4,1,1,2,0,0,0,336,440,0.28,0.43,0.57,0.02,0.5,0.79,0.27,195,246,0.19,0.67,0.18,0.82,0.57,0.7,0.43,0.37
20,udp,dns,RSTO,10578,30096,0,0,0,10,3,0,1,0,0,3,5,2,4,0,0,0,363,302,0.32,0.67,0.43,0.39,0.39,0.58,0.54,238,30,0.72,0.01,0.69,0.34,0.74,0.15,0.64,0.29
26,icmp,ssh,SH,14274,17329,0,0,0,0,0,1,0,1,0,0,1,2,5,0,0,1,501,189,0.72,0.46,0.44,0.62,0.63,0.99,0.65,224,153,0.47,0.82,0.74,0.07,0.94,0.24,0.2,0.01
100,udp,dns,SH,33539,20409,1,1,0,6,3,1,0,0,0,5,3,1,0,0,0,0,60,28,0.8,0.02,0.39,0.54,0.26,0.29,0.46,161,128,0.41,0.5,0.85,0.08,0.34,0.33,0.23,0.5
67,icmp,ftp,REJ,26032,28391,0,0,0,7,2,1,3,0,1,1,3,2,5,0,0,1,95,487,0.45,0.96,0.96,0.15,0.99,0.88,0.91,47,130,0.11,0.76,0.04,0.64,0.89,0.47,0.53,0.06
94,udp,ftp_data,SH,9518,19925,0,2,0,9,1,0,2,0,1,4,0,2,3,0,0,1,307,337,0.57,0.86,0.76,0.54,0.7,0.63,0.98,3,16,0.04,0.18,0.67,0.68,0.84,0.26,0.26,0.44
54,icmp,ftp,SF,2708,24635,0,0,0,3,3,0,5,1,0,1,4,0,4,0,0,1,505,207,0.05,0.2,0.21,0.34,0.13,0.43,0.54,102,22,0.98,0.49,0.34,0.39,0.99,0.41,0.63,0.5
11,icmp,dns,S0,23262,43788,0,1,0,1,0,1,1,0,1,2,5,1,3,0,0,0,502,45,0.63,0.93,0.98,0.92,0.95,0.95,0.62,24,142,1.0,0.65,0.4,0.55,0.24,0.6,0.24,0.29
49,tcp,ssh,S0,39538,5382,1,2,0,1,4,0,3,0,0,3,1,2,3,0,0,0,116,316,0.13,0.34,0.39,0.03,1.0,0.27,0.62,39,68,0.81,0.92,0.5,0.75,0.21,0.59,0.92,0.85
43,tcp,ftp,RSTO,9542,34096,1,1,0,3,5,1,2,0,0,1,4,2,1,0,0,1,119,487,0.97,0.91,0.63,0.84,0.73,0.41,0.35,243,234,0.13,0.82,0.75,0.78,0.29,0.32,0.66,0.1
66,tcp,smtp,SF,10334,26682,1,1,0,2,2,1,3,0,0,2,0,2,3,0,0,1,369,84,0.56,0.61,0.5,0.26,0.15,0.93,0.01,61,255,0.95,0.02,0.17,0.12,0.38,0.78,0.89,0.47
18,tcp,other,S0,45601,31293,0,3,0,0,2,1,0,1,0,4,1,1,0,0,0,0,147,156,0.06,1.0,0.95,0.16,0.08,0.35,0.04,194,50,0.99,0.91,0.75,0.33,0.43,0.78,0.7,0.95
66,icmp,ftp_data,SF,17308,2394,1,2,0,3,3,0,3,1,1,1,0,0,1,0,0,1,12,433,0.36,0.69,0.49,0.12,0.87,0.48,0.93,17,166,0.82,0.2,0.78,0.17,0.28,0.66,0.24,0.92
98,icmp,smtp,RSTO,36457,16266,1,2,0,4,3,1,2,0,1,4,3,2,5,0,0,0,263,485,0.01,0.28,0.04,0.36,0.85,0.91,0.57,98,171,0.06,0.79,0.11,0.09,0.66,0.72,0.57,0.5
63,udp,ftp_data,SF,20418,12063,0,3,0,5,2,1,5,0,1,3,5,0,0,0,0,1,432,358,0.13,0.55,0.14,0.42,0.7,0.24,0.69,78,155,0.77,0.29,0.52,0.94,0.92,0.04,0.85,0.58
58,udp,other,SF,946,8250,0,1,0,0,3,1,1,0,0,2,4,1,4,0,0,0,373,189,0.4,0.88,0.68,0.75,0.56,0.17,0.48,254,139,0.13,0.67,0.22,0.34,0.51,0.88,0.3,0.77
82,icmp,other,SH,2091,34158,0,3,0,6,3,1,0,1,0,1,5,0,2,0,0,1,150,10,0.68,0.88,0.64,0.68,0.02,0.96,0.86,196,49,0.58,0.29,0.71,0.65,0.05,0.54,0.35,0.56
86,icmp,other,SF,48795,48031,0,0,0,9,4,1,3,1,1,1,4,0,0,0,0,0,93,15,0.75,0.46,0.05,0.46,0.49,0.57,0.29,121,159,0.89,0.54,0.97,0.85,0.41,0.16,0.04,0.59
48,udp,dns,S0,13431,37258,0,3,0,6,3,1,1,1,0,5,0,1,2,0,0,0,496,149,0.46,0.73,0.24,0.88,0.62,0.35,0.46,179,217,0.88,0.34,0.09,0.39,0.86,0.05,0.42,0.36
83,udp,http,SF,45028,16428,1,1,0,5,0,0,4,0,1,0,0,2,4,0,0,1,200,318,0.39,0.68,0.53,0.08,0.37,0.77,0.14,32,34,0.35,0.61,0.25,0.24,0.52,0.18,0.55,0.39
86,icmp,http,S0,39117,15619,1,0,0,1,5,1,3,0,1,4,1,0,1,0,0,0,480,307,0.51,0.04,0.32,0.64,0.47,0.18,0.74,157,58,0.94,0.67,0.95,0.9,0.64,0.46,0.08,0.35
21,udp,other,SH,40606,42348,1,2,0,3,1,0,5,1,0,2,4,1,3,0,0,0,454,224,0.2,0.32,0.92,0.69,0.87,0.37,0.87,186,195,0.17,0.9,0.78,0.24,0.95,0.42,0.93,0.83
44,udp,other,SH,19943,26657,1,1,0,8,1,0,5,0,1,4,5,1,0,0,0,1,346,58,0.3,0.94,0.16,0.94,0.83,0.3,0.24,76,162,0.03,0.35,0.67,0.22,0.54,0.43,0.74,0.56
10,icmp,ftp_data,SH,36881,19689,1,3,0,1,5,0,1,1,1,1,1,2,4,0,0,0,396,296,0.73,0.2,0.39,0.89,0.84,0.95,0.43,197,122,0.42,0.04,0.48,0.39,0.08,0.86,0.89,0.84
100,icmp,http,SH,8741,41604,0,1,0,3,3,0,3,1,0,3,2,0,0,0,0,1,490,418,0.57,0.19,0.22,0.36,0.15,0.08,0.22,49,52,0.74,0.23,0.9,1.0,0.49,0.28,0.24,0.81
41,tcp,smtp,S0,13134,18562,0,3,0,4,4,0,2,1,1,1,0,1,4,0,0,1,66,358,0.15,0.29,0.78,0.48,0.39,0.82,0.25,252,190,0.11,0.6,0.93,0.73,0.74,0.52,0.07,0.12
45,tcp,http,REJ,8462,32610,1,2,0,5,1,0,0,0,1,3,2,1,4,0,0,1,101,470,0.6,0.57,0.36,0.96,0.6,0.19,0.31,8,76,0.45,0.09,1.0,0.36,0.48,0.49,0.13,0.75
35,tcp,ssh,SH,39428,5628,0,2,0,3,4,1,4,0,1,3,2,2,0,0,0,0,244,425,0.47,0.53,0.14,0.65,0.81,0.82,0.57,82,112,0.34,0.99,0.33,0.34,0.49,0.98,0.94,0.95
36,icmp,ssh,SF,49002,19491,1,3,0,6,2,1,2,1,0,2,1,2,0,0,0,1,246,434,0.33,0.0,0.17,0.78,0.24,0.19,0.19,124,26,0.84,0.25,0.71,0.1,0.75,0.91,0.19,0.43
27,tcp,other,SF,46484,32300,0,3,0,6,5,1,4,0,0,1,3,2,5,0,0,1,416,305,0.94,0.06,0.12,0.19,0.94,0.37,0.53,58,90,0.21,0.84,0.43,0.46,0.97,0.5,0.82,0.82
94,icmp,http,SH,29871,21935,0,0,0,7,4,1,2,0,0,5,3,0,3,0,0,1,434,144,0.78,0.38,0.18,0.22,0.8,0.79,0.23,203,167,0.87,0.66,0.16,0.85,0.88,0.5,0.81,0.57
92,icmp,ftp,S0,18362,47087,0,2,0,4,1,1,1,0,1,5,3,1,2,0,0,0,454,16,0.44,0.71,0.51,0.53,0.4,0.92,0.48,74,198,0.49,0.85,0.48,0.69,0.63,0.79,0.15,0.76
5,tcp,http,S0,46100,17469,1,1,0,3,1,0,1,0,1,2,4,2,0,0,0,0,435,482,0.77,0.87,0.58,0.04,0.66,0.35,0.97,71,197,0.36,0.35,0.3,0.0,0.33,0.82,0.38,0.45
26,tcp,ssh,SH,37217,15022,0,0,0,9,5,0,5,1,0,0,4,2,5,0,0,0,114,406,0.22,0.52,0.63,0.98,0.36,0.23,0.74,14,163,0.12,0.32,0.3,0.17,0.41,0.56,0.87,0.01
39,icmp,ssh,RSTO,26296,33880,1,2,0,4,2,0,4,0,1,4,3,2,3,0,0,1,18,337,0.89,0.22,0.33,0.15,0.1,0.06,0.23,37,158,0.0,0.15,0.71,0.95,0.15,0.14,0.41,0.88
11,icmp,ssh,RSTO,21810,49138,0,0,0,3,1,1,0,0,0,3,5,0,2,0,0,1,311,393,0.4,0.25,0.55,0.02,0.3,1.0,0.41,253,22,0.57,0.98,0.88,0.58,0.24,0.05,0.21,0.67
86,icmp,ftp_data,REJ,14464,39836,1,1,0,5,1,0,2,1,1,2,3,0,3,0,0,0,475,22,0.21,0.88,0.89,0.84,0.65,0.97,0.99,112,128,0.92,0.05,0.33,0.92,0.44,0.4,0.12,0.38
22,icmp,http,SF,45891,31565,0,2,0,10,1,0,5,1,0,2,5,1,0,0,0,0,326,6,0.19,0.4,0.87,0.48,0.27,0.23,0.77,158,30,0.13,0.93,0.72,0.53,0.16,0.51,0.14,0.89
24,tcp,dns,RSTO,37589,44148,1,0,0,1,0,0,4,1,1,0,2,0,0,0,0,1,80,206,0.24,0.05,0.14,0.6,0.81,0.18,0.69,69,229,0.86,0.19,0.04,0.16,0.93,0.29,0.01,0.44
81,tcp,smtp,SH,39746,39681,1,1,0,3,4,0,4,0,0,0,1,1,2,0,0,1,335,231,0.66,0.23,0.62,0.52,0.4,0.86,0.73,145,57,0.22,0.48,0.93,0.68,0.64,0.13,0.96,0.54
14,udp,http,SH,33956,6155,1,3,0,10,1,0,0,0,0,3,4,2,2,0,0,1,172,190,0.17,0.99,0.02,0.47,0.55,0.17,0.35,167,230,0.06,0.95,0.84,0.43,0.55,0.19,0.37,0.14
40,udp,other,S0,46498,44770,0,3,0,2,1,0,0,0,1,0,2,1,0,0,0,1,44,182,0.04,0.13,0.26,0.47,0.58,0.67,0.23,144,131,0.62,0.14,0.58,0.48,0.78,0.19,0.68,0.01
29,udp,dns,SH,21005,8618,1,1,0,6,2,1,0,0,1,3,0,2,2,0,0,0,318,193,0.86,0.16,0.5,0.36,0.24,0.59,0.13,6,76,0.36,0.26,0.39,0.05,0.29,0.72,0.93,0.53
48,icmp,other,REJ,12525,47491,1,1,0,1,2,0,1,0,0,3,0,2,2,0,0,1,276,484,0.5,0.24,0.46,0.46,0.01,0.76,0.49,101,109,0.44,0.58,0.01,0.13,0.97,0.78,0.82,0.69
60,udp,ftp_data,S0,37432,29292,0,3,0,1,1,1,5,1,1,4,2,1,0,0,0,1,489,324,0.94,0.87,0.93,0.58,0.86,0.74,0.4,55,212,0.06,0.3,0.12,0.11,0.58,0.7,0.41,0.68
2,udp,http,S0,19458,44984,0,0,0,4,3,0,4,0,1,2,5,1,5,0,0,0,43,414,0.35,0.05,0.07,0.83,0.89,0.69,0.62,83,110,0.95,0.82,0.01,0.6,0.3,0.11,0.48,0.8
19,udp,smtp,SF,33369,25596,1,2,0,7,1,0,4,0,1,3,0,0,0,0,0,0,70,460,0.54,0.34,0.56,0.05,0.96,0.78,0.23,152,25,0.18,0.24,0.46,0.63,0.34,0.77,0.61,0.89
79,icmp,ftp,REJ,5029,46163,0,1,0,4,2,1,0,0,0,3,3,1,2,0,0,0,238,270,0.04,0.77,0.58,0.63,0.19,0.87,0.22,172,79,0.97,0.22,0.64,0.26,0.16,0.8,0.74,0.47
72,icmp,ftp_data,RSTO,46845,48208,0,1,0,4,1,1,5,1,0,5,5,1,1,0,0,1,369,256,0.61,0.95,0.37,0.34,0.5,0.36,0.68,252,220,0.76,0.92,0.48,0.47,0.55,0.7,0.66,0.6
53,icmp,ftp,S0,24001,34430,1,0,0,2,0,0,0,1,0,3,5,1,3,0,0,0,72,205,0.47,0.2,0.17,0.44,0.37,0.06,0.67,193,200,0.48,0.89,0.47,0.93,0.4,0.18,0.04,0.01
98,udp,smtp,RSTO,944,18765,1,2,0,10,3,1,5,1,1,1,2,2,2,0,0,0,243,340,0.11,0.32,0.91,0.48,0.76,0.12,0.5,249,58,0.23,0.4,0.36,0.92,0.25,0.25,0.29,0.22
65,tcp,ssh,SH,49437,27677,1,2,0,2,5,0,2,1,1,1,1,0,1,0,0,0,357,509,0.97,0.35,0.23,0.78,0.66,0.89,0.9,14,5,0.29,0.69,0.66,0.23,0.68,0.53,0.42,0.96
89,tcp,ftp,RSTO,23556,43789,1,1,0,6,0,1,3,1,0,4,2,1,1,0,0,1,20,360,0.8,0.12,0.73,0.04,0.23,0.21,0.36,179,63,0.36,0.95,0.85,0.61,0.89,0.92,0.09,0.79
33,icmp,dns,RSTO,18745,24094,1,1,0,5,0,0,0,1,1,4,1,0,2,0,0,1,221,433,0.09,0.2,0.36,0.81,0.33,0.27,0.13,211,173,0.02,0.49,0.58,0.43,0.78,0.17,0.79,0.14
31,icmp,other,S0,22257,14826,1,0,0,6,3,1,5,0,1,3,3,1,0,0,0,0,172,345,0.85,0.54,0.43,0.28,0.46,0.67,0.35,244,165,0.27,0.9,0.79,0.39,0.0,0.64,0.46,0.48
55,icmp,ftp,SH,18265,49982,0,0,0,0,3,0,4,1,0,3,2,2,1,0,0,0,3,285,0.29,0.88,0.28,0.05,0.66,0.03,0.07,43,83,0.24,0.75,0.2,0.55,0.45,0.25,0.93,0.26
45,icmp,other,S0,45202,38621,1,2,0,1,4,0,5,0,1,5,1,0,4,0,0,1,256,89,0.73,0.18,0.91,0.97,0.05,0.17,0.29,104,239,0.69,0.46,0.31,0.2,0.2,0.06,0.43,0.23
72,tcp,ssh,S0,1745,21456,0,0,0,3,5,0,0,1,0,4,3,0,4,0,0,0,101,16,0.98,0.57,0.71,0.13,0.5,0.08,0.11,253,237,0.59,0.08,0.17,0.45,0.26,0.98,0.27,0.42
30,tcp,other,SF,12279,4706,0,3,0,4,2,1,0,1,0,4,3,2,5,0,0,0,507,415,0.23,0.87,0.64,0.9,0.26,0.33,0.67,90,125,0.96,0.87,0.78,0.71,0.35,0.06,0.27,0.32
55,icmp,ssh,RSTO,42684,18298,1,2,0,2,2,1,3,1,0,0,2,0,0,0,0,0,53,463,0.4,0.51,0.01,0.91,0.76,0.9,0.09,118,45,0.27,0.53,0.44,0.47,0.36,0.12,0.48,0.14
17,tcp,dns,S0,25605,5643,1,3,0,10,0,1,3,1,1,2,4,2,0,0,0,1,97,435,0.49,0.34,0.08,0.45,0.52,0.11,0.62,204,173,0.89,0.62,0.81,0.94,0.15,0.28,0.46,0.29
99,udp,ssh,S0,26241,30815,1,3,0,9,3,1,1,0,0,0,1,1,5,0,0,0,82,108,0.53,0.97,0.08,0.67,0.05,0.02,0.7,150,54,0.84,0.52,0.44,0.74,0.16,0.02,0.87,0.14
2,tcp,smtp,RSTO,9608,23645,1,2,0,8,3,0,3,0,1,1,0,2,3,0,0,1,16,508,0.58,0.58,0.91,0.7,0.95,0.92,1.0,7,158,0.84,0.76,0.4,0.29,0.82,0.99,0.97,0.46
35,icmp,ssh,REJ,27879,19693,0,0,0,0,0,1,5,0,0,2,1,1,0,0,0,0,50,310,0.54,0.82,0.85,0.7,0.5,0.22,0.37,238,163,0.92,0.83,0.08,0.76,0.83,0.84,0.32,0.71
96,udp,dns,RSTO,41218,3290,0,3,0,3,4,1,4,0,1,5,1,0,5,0,0,0,481,380,0.23,0.54,0.47,0.28,0.31,0.34,0.6,81,181,0.38,0.54,0.16,0.94,0.73,0.3,0.3,0.3
86,tcp,ftp,REJ,9021,12338,0,1,0,9,0,0,4,1,0,5,3,2,0,0,0,1,27,163,0.47,0.29,0.38,0.51,0.16,0.64,0.94,8,175,0.66,0.63,0.83,0.41,0.4,0.46,0.78,0.73
79,icmp,ftp_data,SH,45590,47060,1,1,0,6,0,0,4,0,0,1,0,2,0,0,0,0,18,489,0.04,0.45,0.93,0.43,0.35,0.88,0.33,196,148,0.62,0.85,0.82,0.5,0.82,0.29,0.51,0.81
5,tcp,ftp_data,S0,26808,38323,1,3,0,4,2,1,2,1,0,5,1,1,5,0,0,1,422,498,0.96,0.83,0.9,0.78,0.95,0.66,0.84,126,137,0.64,0.27,0.76,0.19,0.99,0.6,0.13,0.9
10,icmp,http,SH,48229,19260,1,2,0,1,3,0,2,0,0,3,5,2,1,0,0,0,88,456,0.57,0.12,0.68,0.22,0.04,0.74,0.11,158,1,0.95,0.15,0.61,0.88,0.85,0.84,0.7,0.64
21,icmp,dns,SF,46353,4316,0,0,0,3,5,0,2,0,1,3,0,2,5,0,0,0,166,454,0.04,0.93,0.25,0.51,0.78,0.83,0.25,88,105,0.41,0.62,0.78,0.34,0.48,0.97,0.08,0.15
45,icmp,http,SF,27306,46918,1,1,0,5,2,1,4,0,1,0,4,0,4,0,0,1,255,500,0.35,0.14,0.02,0.89,0.44,0.08,0.06,120,63,0.67,0.17,0.91,0.15,0.39,0.68,0.38,0.95
66,udp,http,S0,47367,20326,0,2,0,0,4,1,0,0,1,2,2,0,3,0,0,0,173,466,0.72,0.71,0.25,0.67,0.24,0.6,0.3,139,226,0.27,0.07,0.67,0.85,0.48,0.58,0.52,0.22
20,udp,ftp_data,S0,17175,12647,1,3,0,1,5,0,4,1,1,5,4,2,4,0,0,0,163,13,0.08,0.4,0.53,0.78,0.34,0.25,0.01,15,119,0.04,0.63,0.02,0.85,0.37,0.45,0.3,0.1
89,tcp,smtp,REJ,23366,15218,1,0,0,10,5,1,3,0,1,2,4,0,3,0,0,0,469,96,0.78,0.1,0.11,0.27,0.69,0.56,0.81,233,45,0.66,0.82,0.52,0.45,0.84,0.23,0.6,0.32
81,icmp,ssh,SH,13171,4410,1,3,0,10,2,1,2,0,1,2,0,0,0,0,0,1,266,43,0.27,0.23,0.71,0.39,0.49,0.4,0.75,26,55,0.61,0.33,0.53,0.12,0.41,0.92,0.71,0.26
33,udp,ftp,SF,2714,28169,0,3,0,5,0,0,0,0,1,2,3,0,5,0,0,1,471,99,0.85,0.32,0.68,0.9,0.92,0.14,0.17,124,127,0.87,0.92,0.65,0.72,0.97,0.77,0.01,0.05
12,tcp,ftp,REJ,40396,20257,0,0,0,2,5,1,1,1,0,1,3,0,4,0,0,1,26,75,0.59,0.47,0.92,0.6,0.17,0.79,0.54,209,146,0.37,0.67,0.37,0.12,0.84,0.12,0.75,0.91
80,tcp,ftp_data,S0,17232,17114,0,3,0,5,5,0,1,0,0,1,4,2,3,0,0,0,104,136,0.71,0.68,0.05,0.09,0.08,0.78,0.48,217,134,0.16,0.64,0.39,0.02,0.3,0.65,0.17,0.31
33,udp,ssh,SF,1602,22760,1,1,0,2,2,1,0,0,1,5,5,0,2,0,0,1,333,398,0.6,0.69,0.31,0.38,0.94,0.16,0.5,239,199,0.14,0.13,0.99,0.71,0.91,0.99,0.15,0.64
74,udp,other,SH,30339,15590,1,1,0,3,2,1,0,0,0,0,5,0,0,0,0,0,199,417,0.15,0.77,0.4,0.68,0.17,0.91,0.21,209,180,0.41,0.42,0.9,0.14,0.02,0.58,0.48,0.93
20,udp,dns,RSTO,16113,14654,1,0,0,1,3,1,5,1,0,1,0,0,1,0,0,0,223,423,0.1,0.95,0.66,0.56,0.07,0.25,0.31,173,66,0.9,0.93,0.5,0.11,0.12,0.1,0.31,0.5
52,icmp,ftp_data,REJ,37480,13179,0,2,0,7,3,0,3,0,0,4,1,0,1,0,0,1,295,192,0.14,0.23,0.01,0.92,0.19,0.74,0.58,50,106,0.67,0.96,0.44,0.95,0.5,0.65,0.3,0.78
21,icmp,smtp,SH,42949,21734,0,0,0,2,0,0,5,0,1,4,2,0,2,0,0,0,431,411,0.18,0.56,0.49,0.61,0.56,0.24,0.0,81,249,0.65,0.71,0.07,0.65,0.4,0.51,0.73,0.96
52,udp,ssh,SH,31207,31004,0,3,0,4,0,1,3,0,1,5,2,2,3,0,0,1,507,81,0.13,0.38,0.48,0.94,0.7,0.66,0.4,246,184,0.05,0.46,0.42,0.27,0.35,0.42,0.01,0.96
26,icmp,ftp,RSTO,12568,4101,0,1,0,1,1,0,2,1,0,5,3,2,2,0,0,0,382,374,0.67,0.93,0.67,0.66,0.72,0.39,0.97,110,196,0.12,0.98,0.06,0.29,0.51,0.85,0.44,0.94
97,icmp,other,SH,36580,39051,0,0,0,8,0,0,2,1,1,2,0,2,4,0,0,1,7,59,0.48,0.12,0.15,0.82,0.11,0.22,0.74,48,76,0.39,0.36,0.97,0.49,0.93,0.12,0.17,0.57
57,icmp,ssh,SH,6760,8124,1,2,0,2,5,1,0,0,1,4,3,2,0,0,0,1,447,345,0.86,0.0,0.62,0.32,0.29,0.76,0.24,62,146,0.54,0.7,0.31,0.26,0.96,0.0,0.97,0.71
56,icmp,ssh,RSTO,35684,14010,1,0,0,0,2,1,5,1,1,3,5,0,4,0,0,0,3,307,0.52,0.29,0.07,0.52,0.67,0.04,0.32,133,174,0.34,0.28,0.2,0.31,0.56,0.32,0.42,0.21
93,tcp,smtp,SH,29360,33372,1,0,0,0,4,1,0,1,0,0,4,1,0,0,0,1,22,478,0.1,0.07,0.81,0.38,0.99,0.16,0.71,95,95,0.6,0.9,0.1,0.56,0.58,0.07,0.47,0.92
88,icmp,ftp,REJ,32438,49078,1,1,0,4,2,1,2,1,1,0,3,0,3,0,0,0,461,291,0.87,0.98,0.57,0.08,0.83,0.8,0.56,185,29,0.2,0.29,0.84,0.69,0.62,0.56,0.96,0.84
43,tcp,http,REJ,28761,23533,0,1,0,0,2,0,1,1,1,2,3,2,5,0,0,0,497,56,0.52,0.83,0.69,0.97,0.59,0.24,0.34,74,80,0.44,0.74,0.69,0.52,0.62,0.78,0.96,0.09
45,udp,other,SH,37700,37446,1,3,0,6,2,0,1,0,0,1,5,2,0,0,0,1,114,297,0.83,0.39,0.9,0.73,0.67,0.27,0.21,26,202,0.87,0.83,0.12,0.09,0.62,0.39,1.0,0.86
53,tcp,ssh,SF,18792,15265,0,3,0,10,0,1,4,1,0,1,0,2,1,0,0,1,190,249,0.59,0.76,0.83,0.11,0.21,0.66,0.66,134,94,0.87,0.79,0.44,0.35,0.7,0.62,0.31,0.05
88,icmp,ftp,RSTO,16305,4820,1,0,0,5,0,0,3,0,1,3,2,2,0,0,0,0,222,16,0.68,0.56,0.73,0.92,0.88,0.25,0.53,11,241,0.5,0.7,1.0,0.61,0.55,0.18,0.36,0.68
66,udp,ssh,S0,14366,23145,1,2,0,0,4,1,4,1,0,3,1,0,3,0,0,1,145,381,0.27,0.07,0.69,0.49,0.44,0.74,0.88,8,89,0.01,0.18,0.97,0.65,0.34,0.84,0.23,0.78
41,icmp,smtp,S0,23266,17267,0,0,0,8,2,0,0,0,0,4,0,2,2,0,0,0,173,13,0.71,0.54,0.89,0.62,0.39,0.96,0.57,129,11,0.38,0.35,0.47,0.8,0.37,0.28,0.98,0.3
37,icmp,other,SF,41422,36476,1,1,0,3,0,1,0,0,1,5,1,1,1,0,0,1,144,365,0.08,0.85,0.55,0.24,0.92,0.28,0.76,193,245,0.02,0.49,0.28,0.99,0.52,0.6,0.86,0.32
78,tcp,ssh,SF,28674,27403,1,0,0,0,4,0,4,1,0,4,0,1,0,0,0,0,127,193,0.23,0.3,0.54,0.94,0.56,0.45,0.69,191,249,0.52,0.11,0.86,0.7,0.16,0.93,0.97,0.77
46,icmp,smtp,SH,19319,28699,1,3,0,0,1,0,1,0,1,4,5,0,0,0,0,0,293,181,0.93,0.63,0.55,0.26,0.58,0.07,0.91,105,39,0.43,0.18,0.84,0.21,0.48,0.7,0.29,0.51
80,tcp,ftp_data,SH,19900,25402,0,0,0,3,3,0,1,0,0,2,1,1,4,0,0,0,460,89,0.73,0.38,0.24,0.51,0.56,0.1,0.5,66,116,0.07,0.3,0.49,0.55,0.08,0.05,0.77,0.22
81,icmp,other,REJ,23684,26408,0,3,0,6,4,0,3,1,0,0,4,2,3,0,0,1,451,401,0.65,0.29,0.89,0.14,0.97,0.13,0.12,112,99,0.76,0.15,0.49,0.27,0.55,0.68,0.21,0.46
15,tcp,ftp,REJ,23166,37698,1,0,0,4,0,1,1,1,1,2,0,0,0,0,0,0,359,405,0.78,0.58,0.47,0.12,0.51,0.12,0.64,221,184,0.3,0.71,0.08,0.98,0.93,0.3,0.63,0.95
39,udp,ssh,RSTO,49641,47467,1,0,0,1,0,0,2,1,0,5,2,2,0,0,0,1,315,445,0.82,0.4,0.69,0.34,0.45,0.37,0.52,45,59,0.99,0.74,0.57,0.84,0.04,0.81,0.27,0.98
51,tcp,smtp,RSTO,9502,44152,1,1,0,7,3,1,3,1,1,4,3,2,0,0,0,1,219,289,0.17,0.08,0.19,0.76,0.04,0.96,0.9,15,28,0.96,0.27,0.53,0.26,0.52,0.92,0.58,0.29
26,icmp,ftp_data,REJ,44888,46020,0,2,0,6,1,0,4,1,1,1,5,1,5,0,0,0,303,144,0.07,0.4,0.03,0.39,0.35,0.76,0.66,28,62,0.13,0.71,0.07,0.07,0.72,0.0,0.78,0.1
48,udp,smtp,S0,24643,6972,1,0,0,1,2,1,0,0,1,5,4,2,4,0,0,1,263,476,0.19,0.09,0.34,0.52,0.3,0.16,0.98,67,34,0.53,0.13,0.72,0.43,0.58,0.49,0.9,0.3
91,udp,smtp,SF,9489,29606,0,0,0,7,4,0,1,1,1,2,4,2,4,0,0,0,175,265,0.87,0.79,0.74,0.32,0.54,0.04,0.08,2,241,0.93,0.59,0.21,0.44,0.91,0.14,0.06,0.23
37,tcp,other,S0,20135,19986,1,0,0,5,5,1,1,1,0,2,1,1,0,0,0,0,354,508,0.34,0.22,0.76,0.06,0.43,0.66,0.42,79,93,0.03,0.11,0.86,0.11,0.75,0.73,0.93,0.31
34,udp,ftp,SF,25466,874,1,1,0,4,4,1,5,1,0,5,2,2,3,0,0,1,207,264,0.97,0.38,0.8,0.63,0.38,0.75,0.86,228,255,0.61,0.38,0.2,0.29,0.21,0.02,0.02,0.62
92,icmp,dns,SF,22369,33010,0,2,0,3,0,0,1,1,1,1,5,1,5,0,0,0,247,156,0.75,0.02,0.71,0.16,0.5,0.03,0.15,43,83,0.55,0.51,0.1,0.11,0.36,0.57,0.27,0.62
17,tcp,ssh,RSTO,39939,20501,1,2,0,9,5,1,0,0,1,3,5,0,3,0,0,1,444,459,0.07,0.97,0.6,0.81,0.19,0.22,0.25,38,169,0.38,0.95,0.53,0.23,0.4,0.79,0.05,0.84
89,icmp,dns,SF,33929,17901,1,2,0,3,4,1,5,1,0,0,0,1,0,0,0,1,119,49,0.6,0.65,0.68,0.79,0.97,0.89,0.22,60,157,0.29,0.55,0.04,0.75,0.75,0.49,0.82,0.81
47,udp,ssh,S0,30999,35002,1,0,0,5,3,0,5,1,0,2,2,1,2,0,0,1,493,477,0.29,0.51,0.43,0.36,0.83,0.17,0.77,31,22,0.12,0.22,0.72,0.04,0.92,0.96,0.44,0.79
47,udp,ssh,RSTO,14483,26425,1,1,0,8,1,1,2,0,1,2,4,1,5,0,0,0,440,111,0.74,0.51,0.18,0.07,0.59,0.84,0.59,130,6,0.48,0.44,0.83,0.83,0.65,0.03,0.4,0.11
89,tcp,ftp,S0,31838,1984,0,1,0,2,0,0,2,1,0,2,5,1,2,0,0,0,349,167,0.97,0.92,0.76,0.17,0.97,0.91,0.28,61,197,0.37,0.05,0.41,0.83,0.54,0.52,0.43,0.35
69,udp,http,RSTO,21771,26616,1,1,0,1,3,1,3,1,0,5,4,0,5,0,0,1,500,379,0.74,0.16,0.63,0.13,0.25,0.28,0.35,196,230,0.88,0.76,0.37,0.35,0.66,0.95,0.0,0.89
70,udp,other,S0,14449,16813,0,1,0,2,0,0,0,1,1,0,1,1,2,0,0,0,390,381,0.58,0.01,0.87,0.56,0.83,0.78,0.0,123,121,0.77,0.36,0.55,0.59,0.77,0.06,0.05,0.58
52,udp,ssh,RSTO,10824,21831,0,1,0,0,5,1,1,1,1,5,1,2,5,0,0,0,228,116,0.32,0.24,0.21,0.87,0.13,0.26,0.62,104,95,0.65,0.94,0.55,0.39,0.78,0.97,0.09,0.37
54,tcp,http,SF,42891,29249,1,2,0,10,1,0,2,0,1,3,5,0,1,0,0,0,510,171,0.89,0.05,0.5,0.53,0.36,0.98,0.15,139,3,0.97,0.17,0.89,0.6,0.82,0.84,0.99,0.47
69,tcp,other,SF,17091,11402,1,1,0,8,1,1,0,0,0,1,4,1,3,0,0,1,394,456,0.31,0.37,0.14,0.22,0.2,0.72,0.35,147,24,0.26,0.86,0.64,0.67,0.76,0.35,0.6,0.74
94,udp,ssh,RSTO,12837,8575,1,3,0,5,0,0,3,0,0,0,2,1,1,0,0,0,205,78,0.38,0.81,0.92,0.86,0.89,0.61,0.96,16,195,0.69,0.52,0.74,0.05,0.94,0.09,0.94,0.37
60,tcp,ftp,RSTO,42564,47801,1,2,0,1,4,0,0,1,0,2,0,2,1,0,0,1,254,10,0.71,0.1,0.81,0.97,0.26,0.53,0.23,204,178,0.33,0.01,0.59,0.48,0.83,0.74,0.11,0.58
56,tcp,smtp,SH,14221,7299,1,3,0,0,3,0,0,1,1,2,4,1,5,0,0,1,318,376,0.69,0.93,0.62,0.14,0.23,0.08,0.41,12,171,0.08,0.22,0.84,0.72,0.71,0.17,0.95,0.35
6,udp,ftp,RSTO,38960,46528,1,0,0,3,5,0,4,0,0,3,0,2,5,0,0,1,139,49,0.25,0.12,0.91,0.45,0.56,0.86,0.25,167,177,0.63,0.72,0.21,0.87,0.34,0.3,0.86,0.79
22,udp,ftp,RSTO,29290,49320,1,1,0,10,5,0,1,1,0,3,1,0,0,0,0,1,272,213,0.64,0.78,0.68,0.38,0.26,0.31,0.52,221,20,0.59,0.55,0.91,0.18,0.39,0.34,0.46,0.07
48,icmp,ftp,S0,63,42806,0,3,0,3,4,1,2,0,1,5,2,0,2,0,0,1,336,480,0.6,0.79,0.0,0.02,0.99,0.31,0.68,15,8,0.41,0.33,0.48,0.71,0.74,0.07,0.79,0.66
96,icmp,other,REJ,25345,17331,1,1,0,6,5,1,4,0,1,5,1,0,4,0,0,0,452,119,0.45,0.57,0.01,0.86,0.8,0.93,0.4,160,234,0.36,0.39,0.29,0.65,0.02,0.08,0.68,0.24
9,tcp,ftp,RSTO,39915,47125,0,2,0,9,0,1,0,0,1,1,2,2,4,0,0,0,146,176,0.69,0.02,0.62,0.77,0.31,0.51,0.5,78,93,0.12,0.62,0.93,0.33,0.46,0.7,0.02,0.48
13,tcp,dns,SH,8897,23185,1,2,0,9,1,0,1,1,0,4,0,1,1,0,0,1,349,193,0.65,0.96,0.51,0.93,0.26,0.93,0.2,169,141,0.94,0.99,0.15,0.67,0.77,0.1,0.47,0.72
6,tcp,other,RSTO,7995,21295,1,2,0,7,5,0,1,1,1,4,2,2,4,0,0,1,419,84,0.33,0.3,0.04,0.1,0.91,0.78,0.99,5,88,0.67,0.64,0.6,0.46,0.6,0.78,0.11,0.77
2,tcp,other,REJ,16102,17099,0,0,0,3,3,0,0,0,0,2,5,2,4,0,0,0,275,133,0.0,0.41,0.84,0.13,0.65,0.45,0.15,28,213,0.83,0.27,0.27,0.77,0.26,0.73,0.12,0.16
5,udp,http,S0,32234,41441,1,2,0,7,5,1,2,0,0,2,4,2,2,0,0,1,434,410,0.54,0.12,0.93,0.86,0.96,0.35,0.21,164,231,0.91,0.36,0.05,0.81,0.99,0.74,0.33,0.59
87,tcp,ftp_data,RSTO,10999,40937,1,0,0,7,2,1,5,1,0,1,2,2,5,0,0,0,111,338,0.42,0.51,0.15,0.2,0.54,0.36,0.44,167,86,0.09,0.43,0.04,0.81,0.54,0.84,0.25,0.85
83,icmp,ssh,S0,35547,48694,1,3,0,0,1,1,1,1,1,3,2,2,1,0,0,0,302,109,0.02,0.87,0.96,0.48,0.5,0.13,0.03,109,64,0.67,0.73,0.46,0.37,1.0,0.17,0.34,0.5
15,udp,smtp,SH,31829,41719,1,1,0,10,5,1,4,0,0,5,5,0,0,0,0,0,19,461,0.42,0.01,0.05,0.74,0.71,0.93,0.13,222,236,0.47,0.37,0.22,0.17,0.89,0.93,0.19,0.67
86,udp,other,SH,21279,29868,0,1,0,4,2,0,5,1,0,1,3,0,4,0,0,0,351,94,0.41,0.39,0.34,0.58,0.07,0.32,0.01,141,6,0.94,0.88,0.41,0.22,0.83,0.48,0.92,0.5
54,tcp,other,SH,2511,27515,1,1,0,9,4,1,4,0,1,1,3,0,2,0,0,0,19,8,0.86,0.61,0.45,0.21,0.76,0.04,0.3,52,223,0.1,0.89,0.87,0.29,0.45,0.5,0.44,0.28
36,tcp,other,SF,11989,29276,0,1,0,3,4,1,0,0,0,0,2,0,5,0,0,1,36,255,0.24,0.4,0.83,0.03,0.51,0.79,0.35,76,57,0.52,0.57,0.77,0.06,0.05,0.57,0.04,0.99
38,tcp,http,S0,32848,7909,1,3,0,3,3,0,3,0,1,0,3,2,3,0,0,0,417,401,0.11,0.81,0.5,0.3,0.73,0.09,0.83,142,36,0.89,0.96,0.41,0.17,0.91,0.5,0.21,0.34
93,icmp,dns,S0,25286,10995,0,0,0,3,3,1,2,1,0,1,5,0,3,0,0,1,432,101,0.29,0.67,0.92,0.28,0.53,0.83,0.53,234,250,0.38,1.0,0.44,0.82,0.23,0.31,0.7,0.68
82,tcp,ssh,SH,13843,33129,1,0,0,9,2,1,3,1,1,2,1,1,5,0,0,1,405,27,0.99,0.22,0.4,0.55,0.22,0.29,0.94,135,242,0.53,0.64,0.48,0.26,0.67,0.4,0.78,0.67
44,tcp,ftp_data,SH,7544,3008,0,2,0,3,4,0,1,1,1,1,1,1,1,0,0,0,286,240,0.03,0.71,0.38,0.97,0.65,0.88,0.71,52,36,0.14,0.59,0.56,0.44,0.49,0.07,0.62,0.49
100,udp,ftp_data,S0,1949,33712,0,0,0,6,3,1,2,1,0,5,0,1,1,0,0,1,382,474,0.36,0.31,0.8,0.23,0.74,0.08,0.15,219,221,0.99,0.34,0.64,0.07,0.33,0.11,0.3,0.27
42,icmp,http,SH,39972,11689,1,1,0,6,3,1,3,1,0,0,2,0,4,0,0,1,284,375,0.96,0.55,0.79,0.88,0.96,0.63,0.93,93,231,0.56,0.53,0.38,0.23,0.68,0.28,0.44,0.59
20,tcp,ftp_data,RSTO,6943,31030,0,3,0,0,0,0,1,1,0,2,2,1,3,0,0,0,201,402,0.51,0.28,0.13,0.62,0.54,0.82,0.16,161,31,0.38,0.88,0.93,0.14,0.71,0.25,0.55,0.93
73,udp,ssh,SH,14500,1572,0,1,0,1,3,0,1,1,1,2,4,2,1,0,0,0,464,125,0.84,0.72,0.09,0.2,0.26,0.02,0.12,65,180,0.09,0.14,0.91,0.77,0.79,0.95,0.08,0.12
53,tcp,http,SH,34265,15581,0,3,0,7,0,0,4,0,1,1,2,2,0,0,0,0,197,386,0.18,0.04,0.09,0.24,0.4,0.6,0.7,214,4,0.59,0.19,0.91,0.3,0.42,0.06,0.7,0.25
51,icmp,other,REJ,686,49595,0,2,0,7,3,0,4,0,0,2,3,1,0,0,0,0,352,182,0.03,0.59,0.06,0.31,0.24,0.63,0.09,111,67,0.76,0.52,0.27,0.97,0.42,0.59,0.33,0.59
14,icmp,http,SH,13793,48128,1,0,0,1,2,1,0,1,0,2,3,1,4,0,0,1,54,230,0.12,0.97,0.81,0.81,0.94,0.76,0.66,224,154,0.59,0.24,0.39,0.98,0.23,0.38,0.53,0.94
78,udp,dns,RSTO,42806,35803,0,2,0,9,2,1,2,0,1,1,4,0,4,0,0,0,395,31,0.79,0.98,0.64,0.53,0.81,0.06,0.87,69,65,0.24,0.67,0.13,0.4,0.95,0.28,0.98,0.91
8,udp,other,REJ,1906,33690,1,0,0,5,2,0,5,0,0,4,0,2,3,0,0,1,356,132,0.5,0.05,0.01,1.0,0.64,0.74,0.75,139,94,0.91,0.59,0.79,0.33,0.36,0.45,0.75,0.68
69,tcp,ftp_data,REJ,3535,920,1,1,0,10,1,1,3,1,1,5,2,2,3,0,0,1,218,488,0.66,0.28,0.77,0.99,0.96,0.93,0.1,96,209,0.42,0.67,0.46,0.81,0.45,0.23,0.5,0.03
66,icmp,ftp_data,SF,40723,14828,0,2,0,4,3,1,2,1,1,2,1,2,0,0,0,1,480,206,0.71,0.7,0.88,0.74,0.15,0.04,0.51,13,234,0.97,0.56,0.41,0.6,0.3,0.72,0.42,0.72
41,tcp,ftp_data,REJ,26203,15880,1,3,0,9,5,0,5,1,1,0,4,2,0,0,0,1,214,338,0.74,0.56,0.73,0.17,0.55,0.84,0.4,17,91,0.97,0.35,0.44,0.66,0.63,0.92,0.61,0.93
23,udp,smtp,S0,6076,43767,1,3,0,1,4,0,4,1,0,2,4,2,0,0,0,1,337,363,0.52,0.45,0.53,0.61,0.33,0.23,0.8,53,236,0.4,0.62,0.47,0.51,0.29,0.24,0.29,0.8
78,tcp,http,REJ,18369,3575,1,3,0,4,5,0,1,1,0,0,3,0,0,0,0,1,92,30,0.58,0.88,0.81,0.24,0.54,0.58,0.55,153,208,0.96,0.82,0.89,0.29,0.79,0.68,0.64,0.22
5,tcp,ftp_data,REJ,23845,4173,0,0,0,6,1,0,0,1,0,2,4,0,3,0,0,1,408,464,0.31,0.38,0.43,0.39,0.37,0.42,0.13,221,238,0.68,0.08,0.25,0.02,0.67,0.86,0.94,0.58
72,udp,http,REJ,22651,44595,0,2,0,4,5,1,3,1,1,1,2,1,2,0,0,0,108,67,0.23,0.46,0.23,0.66,0.11,0.83,0.55,3,162,0.98,0.25,0.06,0.34,0.68,0.37,0.89,0.34
39,icmp,ssh,SH,16155,18096,0,0,0,6,1,1,5,0,1,0,4,1,0,0,0,1,280,464,0.78,0.85,0.56,0.89,0.12,0.91,0.51,209,113,0.49,0.54,0.06,0.78,0.03,0.54,0.3,0.16
9,icmp,smtp,S0,4379,6963,0,3,0,5,2,0,3,1,0,5,4,2,2,0,0,0,124,158,0.44,0.99,0.24,0.75,0.95,0.91,0.36,17,167,0.24,0.31,0.07,0.08,0.99,0.22,0.17,0.39
35,icmp,dns,RSTO,44155,18988,0,1,0,7,5,0,0,1,0,5,0,0,4,0,0,0,299,50,0.68,0.41,0.33,0.67,0.41,0.56,0.38,6,9,0.13,0.13,0.55,0.19,0.92,0.77,0.04,0.03
43,tcp,other,S0,2446,30616,1,3,0,10,3,1,5,1,1,5,1,2,2,0,0,0,177,254,0.38,0.29,0.77,0.7,0.87,0.02,0.45,103,209,0.63,0.55,0.76,0.19,0.99,0.83,0.06,0.14
82,udp,smtp,SF,22572,23002,0,1,0,3,2,0,4,0,1,2,1,2,2,0,0,0,475,300,0.39,0.52,1.0,0.75,0.84,0.26,0.22,24,6,0.34,0.72,0.95,0.24,0.78,0.76,0.94,0.78
60,udp,ftp,REJ,45131,41336,1,3,0,7,5,1,3,1,1,5,2,1,2,0,0,0,333,297,0.61,0.39,0.24,0.25,0.91,0.52,0.69,30,240,0.9,0.25,0.71,0.58,0.69,0.16,0.4,0.73
34,udp,ftp,RSTO,2485,37093,0,1,0,2,1,1,2,1,0,5,4,2,1,0,0,1,237,103,0.27,0.26,0.37,0.84,0.01,0.09,0.43,103,223,0.57,0.35,0.01,0.75,0.41,0.53,0.46,0.16
12,tcp,other,SF,40855,4813,1,2,0,10,0,0,4,0,1,5,0,0,5,0,0,1,412,5,0.66,0.76,0.32,0.89,0.05,0.13,0.17,60,203,0.75,0.06,0.68,0.07,0.22,0.3,0.91,0.38
70,tcp,smtp,REJ,4437,47372,1,0,0,8,3,0,0,1,1,3,3,1,4,0,0,0,206,53,0.67,0.42,0.27,0.47,0.61,0.69,0.82,129,36,0.73,0.9,0.71,0.53,0.08,0.01,0.95,0.08
28,udp,ssh,S0,10919,562,0,3,0,5,4,0,1,0,0,3,3,2,2,0,0,0,168,293,0.89,0.67,0.83,0.55,0.04,0.68,0.76,114,226,0.36,0.75,0.13,0.0,0.14,0.87,0.08,0.0
15,tcp,ssh,SH,37006,802,1,2,0,7,5,1,1,0,1,5,3,0,0,0,0,0,313,158,0.88,0.1,0.38,0.58,0.14,0.6,0.43,40,13,0.75,0.17,0.38,0.33,0.65,0.19,0.52,0.31
100,tcp,http,RSTO,33328,17770,0,2,0,0,4,0,2,0,1,0,1,1,1,0,0,1,115,162,0.75,0.97,0.7,0.11,0.04,0.33,0.32,167,245,0.02,0.63,0.01,0.65,0.64,0.97,0.21,0.07
40,icmp,ftp_data,SF,37529,18043,1,0,0,9,2,1,4,0,1,0,0,2,0,0,0,1,39,395,0.14,0.42,0.31,0.69,0.96,0.65,0.11,235,148,0.71,0.14,0.75,0.18,0.7,0.78,0.25,0.96
46,tcp,ssh,SF,48012,24811,1,3,0,6,0,1,4,0,1,5,3,0,2,0,0,0,182,186,0.38,0.86,0.41,0.08,0.08,0.53,0.73,241,33,0.08,0.53,0.96,0.12,0.07,0.08,0.6,0.53
80,udp,ftp_data,SF,10918,29011,1,0,0,8,2,1,3,0,0,0,0,0,5,0,0,0,279,290,0.57,0.52,0.35,0.72,0.58,0.59,0.08,195,97,0.4,0.46,0.46,0.28,0.62,0.8,0.9,0.98
19,udp,other,SF,6112,10413,1,2,0,9,1,1,3,1,1,5,1,1,3,0,0,1,393,289,0.52,0.69,0.56,0.86,0.12,0.66,0.88,23,163,0.35,0.16,0.15,0.92,0.22,0.8,0.45,0.97
75,tcp,ssh,REJ,45206,44097,1,3,0,6,3,1,3,0,1,2,4,0,0,0,0,1,466,454,0.95,0.79,0.12,0.5,0.58,0.26,0.63,32,51,0.22,0.26,0.58,0.98,0.54,0.56,0.89,0.25
41,udp,dns,RSTO,10065,49900,0,0,0,0,3,0,1,0,1,2,0,0,3,0,0,0,359,194,0.17,0.03,0.37,0.61,0.07,0.78,0.66,138,17,0.74,0.96,0.52,0.77,0.59,0.71,0.73,0.08
16,icmp,ssh,SF,17442,38632,0,1,0,7,4,0,2,0,1,4,2,1,0,0,0,0,134,35,0.42,0.78,0.15,0.06,0.73,0.14,0.84,184,102,0.02,0.72,0.68,0.89,0.76,0.33,0.04,0.67
2,udp,dns,S0,13513,33150,1,2,0,1,3,0,1,1,0,3,5,0,5,0,0,0,193,132,0.4,0.26,0.02,0.51,0.68,0.16,0.94,254,33,0.5,0.75,0.66,0.52,0.1,0.78,0.71,0.57
34,tcp,ftp_data,SF,14540,1995,0,0,0,6,5,1,2,1,1,3,0,2,2,0,0,1,382,116,0.07,0.89,0.48,0.99,0.85,0.45,0.99,167,42,0.76,0.09,0.97,0.97,0.29,0.85,0.7,0.61
6,udp,ftp,S0,41864,38981,0,1,0,8,5,1,5,0,1,5,2,2,0,0,0,1,376,438,0.0,0.98,0.69,0.31,0.99,0.94,0.48,26,66,0.63,0.56,0.12,0.66,0.23,0.12,0.69,0.1
17,udp,dns,SF,366,23452,0,0,0,4,3,1,1,0,1,0,1,2,3,0,0,1,201,23,0.01,0.56,0.57,0.75,0.37,0.81,0.65,151,79,0.82,0.26,0.68,0.94,0.21,0.24,0.16,0.85
19,icmp,ssh,RSTO,2069,48440,1,2,0,3,3,1,5,1,1,0,5,0,1,0,0,0,273,277,0.19,0.42,0.92,0.55,0.42,0.7,0.88,165,133,0.0,0.83,0.97,0.62,0.14,0.42,0.29,0.43
35,tcp,ftp,S0,17071,2148,1,3,0,9,1,1,3,1,1,1,0,0,4,0,0,0,229,107,0.28,0.65,0.31,0.67,0.73,0.28,0.81,55,109,0.38,0.49,0.35,0.89,0.04,0.52,0.35,0.53
83,udp,ftp_data,S0,37205,31285,0,1,0,8,3,1,1,0,0,3,5,0,1,0,0,0,160,505,0.85,0.05,0.59,0.49,0.48,0.95,0.98,112,128,0.12,0.3,0.42,0.94,0.69,0.29,0.6,0.98
76,icmp,ftp_data,SH,27775,41365,0,2,0,7,4,1,5,0,0,0,4,0,2,0,0,1,199,58,0.4,0.98,0.3,0.01,0.84,0.15,0.42,213,195,0.59,0.27,0.95,0.79,0.23,0.5,0.48,0.23
59,icmp,dns,RSTO,18099,44698,0,1,0,3,3,0,1,0,0,5,3,0,3,0,0,0,406,63,0.45,0.81,0.52,0.48,0.73,0.06,0.04,103,208,0.72,0.97,0.5,0.42,0.13,0.75,0.56,0.02
4,icmp,ftp_data,SF,19073,20967,0,1,0,8,5,0,5,1,1,5,0,2,1,0,0,1,301,314,0.14,0.82,0.47,0.26,0.46,0.87,0.46,145,34,0.92,0.13,0.29,0.23,0.41,0.68,0.96,0.4
76,tcp,ssh,S0,22346,22663,1,0,0,0,1,0,4,1,0,1,5,2,1,0,0,1,17,223,0.62,0.77,0.53,0.41,0.87,0.5,0.59,200,100,0.2,0.3,0.11,0.32,0.09,0.91,0.41,0.1
40,udp,dns,SF,29575,23629,0,3,0,0,1,0,1,1,1,5,5,2,2,0,0,1,366,413,0.81,0.45,0.33,0.41,0.6,0.18,0.37,51,50,0.4,0.58,0.02,0.88,0.27,0.24,0.05,0.13
51,tcp,other,SH,2590,33705,0,0,0,0,2,1,5,1,0,0,1,0,1,0,0,1,96,90,0.82,0.56,0.62,0.55,0.63,0.49,0.35,225,237,0.47,0.45,0.53,0.14,0.08,0.64,0.17,0.16
4,tcp,dns,SF,4685,31989,0,1,0,0,4,0,0,0,1,1,2,1,5,0,0,0,199,391,0.73,0.81,0.38,0.03,0.82,0.89,0.56,98,238,0.29,0.19,0.56,0.25,0.36,0.82,0.27,0.13
56,tcp,ftp_data,SF,6843,14885,1,0,0,5,0,1,1,0,0,3,5,2,1,0,0,1,341,434,0.31,0.74,0.83,0.0,0.05,0.98,0.51,196,85,0.77,0.57,0.88,0.72,0.02,0.8,0.69,0.59
88,icmp,ftp_data,RSTO,21982,9551,1,3,0,3,5,0,2,1,0,4,2,2,3,0,0,1,34,263,0.46,0.23,0.8,0.3,0.55,0.22,0.64,80,95,0.21,0.08,0.35,0.22,0.71,0.23,0.17,0.41
49,udp,ftp_data,SH,49022,9631,0,2,0,1,2,1,2,0,1,3,5,2,3,0,0,0,3,435,0.57,0.41,0.41,0.59,0.67,0.35,0.85,17,136,0.3,0.92,0.54,0.66,0.79,0.04,0.77,0.76
26,udp,dns,SH,48858,6091,1,0,0,5,0,1,5,1,1,1,3,1,5,0,0,0,379,71,0.59,0.85,0.06,0.08,0.93,0.9,0.45,91,101,0.79,0.35,0.83,0.48,0.62,0.05,0.75,0.65
26,icmp,dns,REJ,7763,26974,0,1,0,3,5,0,0,0,0,3,1,1,0,0,0,0,231,132,0.51,0.99,0.13,0.44,0.54,0.92,0.17,244,106,0.2,0.34,0.12,0.99,0.32,0.87,0.99,0.9
83,icmp,ftp,SH,7687,4274,1,2,0,0,3,1,5,1,0,4,5,0,5,0,0,1,351,42,0.6,0.24,0.45,0.94,0.93,0.49,0.85,120,95,0.16,0.39,0.6,0.4,0.47,0.26,0.04,0.07
86,icmp,http,SH,17462,2290,0,3,0,10,5,1,5,1,0,3,2,1,3,0,0,1,273,496,0.32,0.57,0.3,0.18,0.42,0.87,0.59,66,57,0.26,0.01,0.88,0.54,0.39,0.07,0.79,0.82
53,tcp,ftp_data,RSTO,25617,12607,1,2,0,3,4,0,2,1,0,4,0,2,2,0,0,1,32,80,0.83,0.03,0.29,0.6,0.76,0.63,0.45,174,88,0.98,0.74,0.82,0.31,0.26,0.9,0.48,0.65
7,tcp,ftp,REJ,26200,39024,1,1,0,7,3,0,5,1,1,0,1,0,4,0,0,0,25,288,0.04,0.16,0.04,0.14,0.01,0.02,0.42,153,230,0.13,0.42,0.7,0.5,0.83,0.31,0.35,0.24
91,tcp,dns,S0,42387,39189,0,2,0,4,2,0,4,0,1,5,0,1,3,0,0,1,250,192,0.81,0.61,0.47,0.95,0.92,0.51,0.03,48,245,0.59,0.05,0.16,0.66,0.34,0.74,0.13,0.74
84,tcp,ftp,RSTO,6580,38484,1,1,0,0,4,1,5,0,0,5,5,1,0,0,0,1,405,6,0.04,0.95,0.19,0.54,0.7,0.27,0.77,247,226,0.57,0.59,0.44,0.13,0.35,0.19,0.34,0.41
91,tcp,ftp,SF,33521,17585,1,1,0,5,4,1,1,0,0,3,0,1,1,0,0,0,77,384,0.41,0.52,0.12,0.36,0.71,0.56,0.84,181,214,0.61,0.94,0.87,0.16,0.62,0.42,0.73,0.0
7,tcp,ftp_data,S0,31121,23532,1,3,0,1,0,1,4,1,0,1,0,0,3,0,0,0,31,286,0.75,0.27,0.95,0.63,0.11,0.41,0.86,88,163,0.39,0.05,0.61,0.03,0.46,0.71,0.32,0.24
50,udp,ftp_data,REJ,24929,35988,0,2,0,0,5,0,2,1,1,0,3,0,1,0,0,0,460,308,0.87,0.96,0.72,0.62,0.44,0.65,0.86,92,187,0.69,0.9,0.01,0.33,0.01,0.71,0.12,0.57
55,tcp,other,SH,18682,44979,0,0,0,1,1,0,0,0,0,2,4,1,4,0,0,1,311,67,0.22,0.51,0.42,0.22,0.09,0.7,0.34,51,127,0.72,0.16,0.52,0.35,0.07,0.32,0.4,0.35
66,udp,http,S0,28881,10945,0,0,0,9,5,0,1,1,0,1,2,0,3,0,0,0,312,421,0.14,0.01,0.96,0.13,0.58,0.05,0.59,76,14,0.97,0.47,0.8,0.68,0.37,0.5,0.49,0.03
78,icmp,ftp_data,S0,21306,28082,1,1,0,9,4,0,0,0,0,1,4,0,2,0,0,0,7,395,0.53,0.98,0.14,0.52,0.56,0.77,0.16,244,124,0.19,0.66,0.49,0.17,0.87,0.29,0.94,0.73
38,udp,dns,RSTO,27111,15913,0,3,0,2,1,1,3,0,0,3,5,0,4,0,0,1,116,332,0.11,0.73,0.28,0.53,0.11,0.68,0.68,71,203,0.95,0.87,0.68,0.44,0.25,0.21,0.45,0.4
57,udp,ssh,RSTO,49954,27776,1,0,0,5,2,0,2,1,1,1,1,1,0,0,0,1,436,49,0.5,0.28,0.9,0.69,0.13,0.05,0.67,244,216,0.61,0.46,0.92,0.3,0.74,0.99,0.23,0.59
91,tcp,other,SH,29073,31422,0,1,0,4,2,1,2,0,0,1,2,0,0,0,0,0,133,114,0.42,0.52,0.22,0.92,0.17,0.26,0.52,226,97,0.84,0.6,0.58,0.37,0.73,0.42,0.26,0.97
85,icmp,dns,SF,7431,7988,0,3,0,10,2,1,1,0,0,4,5,2,5,0,0,0,188,26,0.06,0.7,0.24,0.78,0.28,0.29,0.76,235,106,0.02,0.83,0.99,0.06,0.38,0.02,0.95,0.08
46,icmp,ftp,SH,39452,13889,1,1,0,7,5,0,5,1,1,5,5,2,4,0,0,0,287,260,0.3,0.47,0.38,0.04,0.95,0.65,0.71,212,107,0.81,0.03,0.24,0.61,0.43,0.59,0.13,0.35
97,udp,dns,RSTO,33084,44718,1,3,0,4,4,1,1,1,0,1,3,0,0,0,0,1,499,30,0.34,0.21,0.84,0.1,0.6,0.66,0.74,30,216,0.97,0.11,0.2,0.94,0.24,0.08,0.71,0.46
95,icmp,dns,S0,43769,18473,0,1,0,0,4,1,5,0,0,0,0,2,0,0,0,0,409,2,0.17,0.47,0.08,0.71,0.55,0.83,0.4,126,145,0.82,0.72,0.4,0.62,0.79,0.41,0.26,0.29
90,udp,ftp,SF,1344,16893,0,0,0,5,4,1,3,0,1,5,0,0,4,0,0,0,31,212,0.56,0.94,0.22,0.51,0.49,0.39,0.58,102,29,0.27,0.96,0.62,0.52,0.75,0.56,0.08,0.71
76,tcp,http,SH,36743,3950,0,0,0,1,4,1,2,1,0,3,4,1,5,0,0,0,28,410,0.65,0.14,0.41,0.3,0.7,0.73,0.23,20,169,0.46,0.73,0.44,0.49,0.01,0.94,0.56,0.16
69,icmp,other,RSTO,43890,4678,1,0,0,10,2,1,2,1,0,1,0,0,0,0,0,1,211,249,0.83,0.21,0.24,0.67,0.37,0.47,0.32,172,106,0.02,0.68,0.07,0.5,0.67,0.27,0.49,0.06
71,tcp,dns,SF,45824,28469,0,2,0,10,2,1,0,1,0,3,1,1,2,0,0,1,76,200,0.47,0.61,0.1,0.08,0.76,0.78,0.71,179,32,0.33,0.71,0.48,0.96,0.65,0.08,0.7,0.34
95,udp,ftp,RSTO,13266,45758,1,1,0,8,0,0,0,1,0,5,5,2,1,0,0,1,464,165,0.4,0.84,0.67,0.54,0.15,0.37,0.39,112,167,0.54,0.55,0.66,0.5,0.69,0.36,0.69,0.65
69,udp,smtp,RSTO,47835,8232,1,2,0,7,0,0,0,1,0,4,5,2,3,0,0,1,226,130,0.24,0.85,0.57,0.67,0.41,0.95,0.2,177,43,0.74,0.29,0.06,0.87,0.89,0.91,0.11,0.63
84,tcp,other,SH,19383,2928,1,0,0,10,2,1,4,0,0,2,5,2,0,0,0,0,498,193,0.75,0.5,0.06,0.3,0.88,0.67,0.74,18,161,0.05,0.29,0.1,0.25,0.78,0.05,0.46,0.15
23,tcp,http,REJ,35413,41001,0,2,0,8,1,1,1,1,0,5,4,0,3,0,0,1,347,125,0.0,0.63,0.26,0.17,0.75,0.84,0.71,17,155,0.08,0.5,0.21,0.71,0.15,0.59,0.48,0.59
60,icmp,ftp,SF,36679,13237,1,1,0,0,2,0,4,1,0,5,5,0,4,0,0,1,79,255,0.73,0.64,0.3,0.21,0.16,0.06,0.77,199,89,0.24,0.36,0.63,0.52,0.27,0.85,0.14,0.8
45,udp,ftp,S0,43725,2784,0,0,0,10,2,0,3,0,0,3,1,2,4,0,0,0,69,473,0.73,0.46,0.35,0.36,0.46,0.46,0.74,142,39,0.13,0.32,0.01,0.92,0.48,0.27,0.45,0.26
72,tcp,smtp,SH,30854,26385,0,3,0,5,3,0,0,1,0,0,5,1,5,0,0,1,105,361,0.29,0.36,0.81,0.89,0.95,0.05,0.92,85,62,0.01,0.62,0.65,0.82,0.77,0.2,0.48,0.29
37,icmp,ftp,SH,45458,2038,0,0,0,4,3,0,1,0,0,4,5,0,3,0,0,1,347,4,0.98,0.03,0.1,0.46,0.18,0.62,0.73,40,99,0.31,0.63,0.7,0.16,0.21,0.73,0.15,0.99
28,udp,ftp_data,RSTO,47413,8338,1,2,0,9,5,0,0,0,0,4,5,0,3,0,0,0,428,341,0.12,0.5,0.73,0.23,0.53,0.51,0.28,136,170,0.94,0.66,0.1,0.78,0.26,0.11,0.44,0.56
71,tcp,smtp,SF,18177,9383,0,2,0,1,3,1,1,1,1,3,1,0,4,0,0,0,457,179,0.32,0.69,0.57,0.8,0.2,0.73,0.46,14,173,0.69,0.97,0.88,0.12,0.63,0.08,0.87,0.61
38,icmp,ftp_data,S0,16728,3245,0,0,0,5,2,1,0,0,1,1,4,1,1,0,0,1,39,512,0.5,0.34,0.57,0.55,0.99,0.2,0.68,104,62,0.63,0.07,0.07,0.73,0.72,0.32,0.64,0.04
17,udp,other,SF,31611,33790,0,1,0,2,0,1,0,1,1,5,3,1,1,0,0,0,46,304,0.48,0.95,0.14,0.47,0.15,0.14,0.65,190,71,0.02,0.12,0.39,0.4,0.28,0.5,0.46,0.16
11,udp,ftp,S0,37804,7551,1,1,0,0,4,0,0,1,1,2,0,1,5,0,0,0,13,280,0.49,0.22,0.52,0.9,0.3,0.35,0.58,93,143,0.75,0.07,0.46,0.99,0.48,0.69,0.49,0.12
51,icmp,http,SH,16639,18057,1,2,0,1,0,1,2,1,0,2,3,0,4,0,0,1,97,386,0.95,1.0,0.72,0.98,0.77,0.1,0.48,35,99,0.78,0.46,0.71,0.27,0.14,0.7,0.4,0.33
74,tcp,dns,SH,39128,42551,0,0,0,2,5,1,2,1,0,4,0,1,0,0,0,0,31,143,0.71,0.68,0.4,0.73,0.73,0.06,0.83,14,105,0.86,0.41,0.84,0.42,0.37,0.52,0.75,0.38
73,udp,http,S0,25386,27334,0,0,0,9,1,1,0,1,0,0,5,0,2,0,0,0,421,238,0.18,0.18,0.29,0.74,0.73,0.23,0.45,32,21,0.37,0.33,0.39,0.72,0.11,0.09,0.59,0.5
51,udp,ssh,RSTO,37346,36087,0,2,0,10,3,0,5,1,0,3,2,1,0,0,0,1,299,54,0.92,0.51,0.34,0.14,0.83,0.6,0.54,247,60,0.75,0.9,0.32,0.88,0.65,0.05,0.99,0.96
91,udp,ftp_data,S0,31881,22071,1,2,0,2,5,1,5,0,0,4,2,2,5,0,0,0,500,306,0.63,0.74,0.93,0.86,0.65,0.58,0.31,125,231,0.85,0.38,0.03,0.39,0.18,0.47,0.13,0.71
38,udp,dns,SF,11985,1965,1,1,0,0,1,0,5,0,1,1,0,0,4,0,0,0,9,254,0.6,0.13,0.87,0.38,0.22,0.05,0.22,91,40,0.97,0.9,0.51,0.42,0.44,0.97,0.1,0.91
7,icmp,ftp_data,REJ,23412,19442,1,2,0,0,0,1,5,0,1,3,0,2,5,0,0,0,4,315,0.06,0.33,0.77,0.26,0.82,0.65,0.56,75,120,0.75,0.41,0.28,0.41,0.43,0.67,0.36,0.72
1,udp,http,SH,4065,16596,1,0,0,10,3,0,1,0,1,5,4,1,3,0,0,1,111,16,0.48,0.06,0.12,0.44,0.67,0.44,0.25,2,194,0.24,0.14,0.72,0.19,0.71,0.32,0.2,0.4
83,tcp,ssh,S0,43493,49691,0,0,0,7,0,1,0,1,0,4,5,1,4,0,0,0,377,476,0.91,0.31,0.49,0.69,0.86,0.83,0.81,169,86,0.08,0.21,0.32,0.78,0.86,0.43,0.56,0.97
56,udp,ftp_data,RSTO,40799,3049,1,3,0,1,1,0,4,0,1,2,2,0,4,0,0,1,337,202,0.53,0.46,0.8,0.98,0.23,0.76,0.34,140,132,0.23,0.27,0.69,0.54,0.69,0.76,0.09,0.04
88,icmp,smtp,REJ,2661,25165,0,3,0,2,2,1,5,1,0,5,0,1,5,0,0,0,389,243,0.61,0.24,0.38,0.36,0.46,0.43,0.45,221,242,0.93,0.25,0.79,0.34,0.73,0.44,0.71,0.68
44,udp,ssh,RSTO,24838,3796,1,0,0,1,1,0,3,1,1,0,2,2,4,0,0,1,166,508,0.25,0.57,0.14,0.8,0.23,0.39,0.65,104,254,0.57,0.73,0.05,0.8,0.17,0.03,1.0,0.55
82,icmp,smtp,REJ,45092,41250,1,1,0,3,0,1,4,0,0,3,5,1,1,0,0,0,163,84,0.19,0.2,0.14,0.54,0.4,0.24,0.47,23,173,0.17,0.22,0.45,0.16,0.08,0.6,0.54,0.11
27,icmp,ftp,S0,6840,39049,1,1,0,3,5,1,1,1,1,4,5,0,4,0,0,1,202,204,0.86,0.25,0.1,0.47,0.06,0.74,0.81,101,67,0.5,0.52,0.95,0.25,0.03,0.96,0.71,0.49
21,icmp,other,REJ,23026,34185,1,2,0,9,4,0,0,0,0,4,5,1,5,0,0,0,356,98,0.37,0.66,0.83,0.47,0.42,0.81,0.01,218,11,0.74,0.95,0.56,0.02,0.55,0.75,0.18,0.76
97,udp,dns,SF,2548,49503,0,3,0,6,0,1,2,1,1,2,5,0,1,0,0,1,191,367,0.57,0.13,0.42,0.77,0.14,0.25,0.49,132,217,0.52,0.42,0.66,0.4,0.14,0.99,0.28,0.37
81,icmp,http,S0,19717,29053,1,3,0,3,0,1,3,0,0,4,3,2,3,0,0,1,463,304,0.11,0.39,0.07,0.73,0.04,0.94,0.38,224,134,0.52,0.88,0.16,0.57,0.15,0.22,0.84,0.55
57,icmp,other,REJ,31441,19775,0,0,0,0,4,1,2,1,1,5,3,2,3,0,0,0,283,332,0.33,0.16,0.18,0.75,0.07,0.91,0.69,96,56,0.09,0.46,0.62,0.01,0.97,0.11,0.22,0.98
24,tcp,http,REJ,2258,20158,0,0,0,5,5,1,3,1,0,5,0,2,4,0,0,1,120,392,0.24,0.8,0.86,0.33,0.69,0.79,0.81,72,248,0.6,0.27,0.07,0.89,0.95,0.04,0.43,0.95
46,udp,smtp,REJ,13928,49077,0,3,0,1,0,1,5,1,1,4,5,2,1,0,0,0,148,111,0.45,0.49,0.61,0.93,0.43,0.72,0.56,204,249,0.87,0.55,0.05,0.24,0.58,0.34,0.56,0.6
76,udp,dns,S0,16601,24400,1,2,0,2,3,0,0,1,0,2,3,2,2,0,0,0,325,407,0.83,0.97,0.53,0.63,0.23,0.18,0.95,210,182,0.6,0.93,0.72,0.12,0.84,0.77,0.06,0.16
93,udp,http,REJ,2517,21788,1,0,0,2,0,0,5,1,1,1,5,0,0,0,0,1,108,416,0.76,0.34,0.98,0.72,0.12,0.78,0.77,146,133,0.41,0.03,0.88,0.11,0.77,0.37,0.21,0.61
23,icmp,ssh,SF,732,36357,0,3,0,6,4,0,2,0,1,2,4,1,0,0,0,0,292,277,0.06,0.35,0.59,0.78,0.21,0.21,0.72,41,1,0.19,0.37,0.48,0.79,0.22,0.56,0.75,0.62
75,udp,ftp,REJ,44591,29175,0,2,0,1,1,1,2,1,0,0,3,0,4,0,0,0,224,326,0.41,0.26,0.8,0.98,0.68,0.8,0.74,29,43,0.44,0.23,0.96,0.42,0.35,0.07,0.74,0.21
10,icmp,ftp,SF,21847,45923,0,1,0,7,1,1,5,0,1,1,0,0,2,0,0,0,140,404,0.41,0.53,0.62,0.18,0.65,0.49,0.1,2,130,0.16,0.05,0.37,0.48,0.47,0.14,0.03,0.42
89,tcp,other,SF,29711,28172,1,0,0,3,1,1,5,0,0,1,2,1,5,0,0,0,424,92,0.08,0.67,0.51,0.18,0.1,0.41,0.99,32,109,0.51,0.71,0.4,0.51,0.25,0.18,0.74,0.05
89,icmp,other,S0,39412,39020,1,0,0,9,1,1,0,1,0,3,3,2,2,0,0,0,300,381,0.17,0.57,0.64,0.86,0.19,0.31,0.5,15,87,0.55,0.37,0.25,0.36,0.77,0.12,0.15,0.09
25,tcp,other,RSTO,19587,37761,1,3,0,2,0,1,1,0,0,4,3,0,0,0,0,0,112,427,0.78,0.2,0.98,0.48,0.94,0.96,0.99,59,133,0.64,0.46,0.2,0.72,0.51,0.95,0.39,0.51
79,tcp,dns,S0,43442,48371,0,2,0,6,2,0,4,0,1,1,3,1,5,0,0,1,369,125,0.49,0.04,0.83,0.66,0.37,0.61,0.87,231,117,0.72,0.83,0.12,0.68,0.87,0.07,0.19,0.24
69,tcp,dns,SF,29266,10294,1,2,0,1,1,1,1,0,1,3,4,2,0,0,0,0,184,32,0.84,0.34,0.57,0.47,0.15,0.47,0.54,233,162,0.12,0.25,0.74,0.51,0.96,0.6,0.64,0.23
64,udp,smtp,S0,40031,48094,0,0,0,0,2,1,5,0,1,3,2,1,4,0,0,0,356,510,0.36,0.33,0.79,0.03,0.92,0.54,0.63,118,156,0.86,0.48,0.25,0.83,0.52,1.0,0.66,0.01
17,tcp,other,S0,42683,37902,0,3,0,1,3,0,5,1,1,0,4,0,5,0,0,1,232,306,0.2,0.81,0.71,0.6,0.06,0.94,0.0,129,153,0.24,0.52,0.93,0.75,0.12,0.49,0.01,0.44
62,tcp,ssh,SF,42343,42237,1,2,0,0,1,0,3,0,0,3,3,1,4,0,0,0,483,224,0.83,0.81,0.22,0.05,0.78,0.36,0.92,56,231,0.76,0.72,0.89,0.28,0.08,0.56,0.8,0.99
58,udp,ftp_data,RSTO,40315,5564,0,2,0,8,1,1,4,0,1,3,0,2,1,0,0,1,344,360,0.07,0.61,0.83,0.1,0.86,0.31,0.92,53,82,0.25,0.95,0.32,0.41,0.28,0.56,0.31,0.82
97,tcp,other,SH,13486,9284,0,2,0,7,0,0,2,0,1,1,4,2,2,0,0,1,148,199,0.34,0.73,0.15,0.11,0.62,0.67,0.83,71,253,0.24,0.52,0.32,0.69,0.06,0.8,0.15,0.94
3,udp,other,RSTO,23005,9459,1,0,0,3,5,1,2,0,0,4,3,1,5,0,0,0,341,77,0.62,0.1,0.21,0.1,0.63,0.42,0.66,105,105,0.32,0.13,0.68,0.06,0.26,0.34,0.19,0.9
83,udp,ftp_data,REJ,40042,45218,0,1,0,2,0,1,3,0,0,2,5,1,1,0,0,0,134,5,0.08,0.92,0.63,0.19,0.61,0.44,0.26,156,19,0.03,0.93,0.99,0.74,0.76,0.72,0.79,0.24
29,icmp,other,SH,4441,37853,1,2,0,9,0,1,4,0,1,0,2,2,5,0,0,0,57,29,0.71,0.17,0.74,0.79,0.75,0.09,0.24,84,211,0.84,0.37,0.26,0.83,0.65,0.26,0.44,0.71
85,udp,http,SH,21151,32047,0,0,0,6,5,1,1,0,1,1,2,0,2,0,0,1,74,419,0.53,0.49,0.31,0.07,0.16,0.39,0.02,126,216,0.08,0.17,0.02,0.76,0.07,0.28,0.41,0.98
13,tcp,http,SH,3345,26909,0,3,0,0,1,0,0,0,1,0,1,2,2,0,0,0,242,485,0.36,0.37,0.61,0.62,0.6,0.48,0.53,19,232,0.33,0.93,0.34,0.9,0.59,0.08,0.48,0.46
19,udp,smtp,REJ,7796,44248,0,2,0,3,5,0,0,0,0,2,5,2,2,0,0,0,195,190,0.22,0.29,0.38,0.0,0.26,0.59,0.07,162,93,0.55,0.16,0.53,0.09,0.85,0.91,0.72,0.72
95,icmp,smtp,REJ,20600,20386,0,2,0,4,4,1,0,0,0,0,0,1,3,0,0,1,492,448,0.58,0.97,0.91,0.88,0.18,0.7,0.45,210,32,0.52,0.57,0.48,0.11,0.88,0.16,0.03,0.71
30,udp,ssh,SH,17017,48591,1,1,0,4,4,0,5,0,1,5,1,1,5,0,0,0,11,461,0.84,0.89,0.69,0.24,0.73,0.73,0.18,49,145,0.47,0.34,0.54,0.5,0.32,0.39,0.48,0.4
21,tcp,ssh,S0,17621,39809,0,0,0,3,2,0,1,0,0,1,2,2,5,0,0,0,141,296,0.51,0.79,0.94,0.45,0.18,0.94,0.65,93,84,0.4,0.23,0.19,0.87,0.69,0.84,0.84,0.52
92,icmp,ssh,S0,12047,25011,1,0,0,2,3,1,4,0,1,3,5,0,4,0,0,0,274,482,0.77,0.85,0.78,0.67,0.56,0.78,0.3,143,251,0.86,0.99,0.62,0.44,0.17,0.5,0.74,0.7
32,icmp,ssh,SH,6432,2068,1,1,0,1,2,0,1,0,0,4,2,2,0,0,0,0,98,498,0.46,0.45,0.56,0.06,0.68,0.1,0.34,95,130,0.15,0.48,0.8,0.54,0.62,0.56,0.49,0.09
51,tcp,smtp,SH,25531,18582,0,0,0,4,0,0,0,0,0,5,1,2,1,0,0,1,29,81,0.7,0.75,0.15,0.77,0.96,0.44,0.34,80,241,0.93,0.43,0.74,0.66,0.72,0.53,0.09,0.4
94,udp,ssh,RSTO,45488,1089,1,3,0,10,4,1,1,0,0,5,4,0,4,0,0,0,329,300,0.47,0.68,0.37,0.78,0.15,0.71,0.98,183,81,0.99,0.21,0.29,0.84,0.54,0.05,0.98,0.15
98,icmp,ftp,RSTO,43085,16868,0,3,0,5,0,1,5,0,1,5,0,2,1,0,0,0,103,123,0.98,0.27,0.98,0.47,0.32,0.76,0.22,96,153,0.47,0.66,0.9,0.75,0.38,0.64,0.63,0.56
21,tcp,ssh,RSTO,42289,10245,1,0,0,10,5,1,2,0,0,2,2,0,4,0,0,0,313,12,0.96,0.22,0.83,0.37,0.65,0.34,0.63,128,104,0.26,0.78,0.48,0.31,0.65,0.8,0.21,0.38
6,tcp,smtp,SH,19646,9788,1,3,0,3,4,1,0,1,0,5,3,1,0,0,0,0,236,277,0.53,0.09,0.24,0.97,0.03,0.58,0.17,112,210,0.33,0.16,0.14,0.06,0.57,0.71,0.82,0.19
76,udp,http,S0,41566,37829,1,2,0,1,3,0,2,0,1,3,1,1,2,0,0,1,132,408,0.87,0.82,0.38,0.61,0.58,0.47,0.31,23,159,0.61,0.84,0.11,0.99,0.52,0.08,0.12,0.2
96,icmp,ftp_data,REJ,39487,45341,1,3,0,6,0,0,0,0,1,1,2,2,5,0,0,1,478,409,0.9,0.65,0.66,0.13,0.59,1.0,0.8,120,102,0.6,0.32,0.6,0.48,0.52,0.91,0.76,0.89
43,udp,http,SF,2152,14455,1,2,0,1,3,0,2,0,1,2,1,0,5,0,0,1,6,391,0.57,0.43,0.22,0.5,0.72,0.46,0.03,7,165,0.29,0.15,0.77,0.22,0.85,0.3,0.46,0.12
47,udp,http,SF,28166,24757,0,1,0,10,0,1,3,1,0,3,2,1,0,0,0,1,23,242,0.02,0.73,0.29,0.02,0.09,0.38,0.42,63,227,0.49,0.68,0.27,0.09,0.18,0.54,0.96,0.42
32,icmp,ftp,SF,28458,29155,1,2,0,10,0,0,2,1,0,4,2,1,5,0,0,1,108,311,0.89,0.24,0.19,0.18,0.01,0.07,0.31,179,240,0.9,0.99,0.31,0.19,0.08,0.49,0.89,0.5
89,icmp,smtp,SF,10139,38269,0,3,0,2,1,0,4,0,1,0,2,1,4,0,0,0,281,100,0.02,0.6,0.9,0.58,0.57,0.46,0.26,199,29,0.55,0.54,0.39,0.61,0.51,0.82,0.06,0.29
90,icmp,ftp_data,S0,35464,25447,0,3,0,10,4,1,1,1,1,0,4,1,1,0,0,1,198,507,0.03,0.28,0.12,0.29,0.07,0.5,0.3,95,53,0.75,0.62,0.58,0.49,0.18,0.93,0.39,0.59
19,tcp,other,RSTO,8949,34102,1,1,0,6,1,0,3,0,1,0,1,1,4,0,0,1,382,474,0.19,0.17,0.85,0.59,0.28,0.3,0.35,214,161,0.27,0.9,0.68,0.69,0.36,0.37,0.7,0.36
52,icmp,dns,RSTO,17029,20734,0,0,0,6,1,0,5,1,0,5,0,1,0,0,0,0,283,188,0.18,0.42,0.23,0.88,0.71,0.06,0.64,192,94,0.09,0.55,0.11,0.93,0.89,0.98,0.88,0.07
55,udp,ssh,SF,35949,41682,1,2,0,0,2,0,2,0,0,2,0,0,4,0,0,0,426,273,0.46,0.01,0.42,0.29,0.03,0.68,0.28,142,170,0.44,0.11,0.21,0.63,0.06,0.78,0.07,0.02
56,tcp,ftp,REJ,26388,33031,0,3,0,5,1,1,1,0,0,2,2,1,0,0,0,0,324,197,0.24,0.76,0.66,0.02,1.0,0.86,0.41,170,13,0.34,0.4,0.27,0.97,0.42,0.07,0.49,0.46
88,tcp,smtp,RSTO,20857,40724,0,2,0,5,5,1,4,1,0,0,1,0,2,0,0,0,172,179,0.8,0.45,0.46,0.6,0.28,0.04,0.5,202,245,0.66,0.08,0.07,0.59,0.09,0.27,0.1,0.19
51,udp,dns,SF,32377,25006,0,2,0,8,1,1,5,0,1,1,5,0,1,0,0,0,66,442,0.02,0.07,0.44,0.47,0.96,0.63,0.43,137,27,0.33,0.41,0.61,0.41,0.19,0.68,0.27,0.25
54,udp,ftp,S0,47376,48167,0,0,0,10,1,0,4,1,0,5,3,2,2,0,0,1,313,309,0.22,0.23,0.72,0.24,0.32,0.86,0.7,69,100,0.03,0.67,0.6,0.66,0.3,0.73,0.88,0.13
29,icmp,dns,REJ,36988,26994,1,2,0,7,5,0,5,0,0,2,3,1,5,0,0,0,78,113,0.22,0.23,0.67,0.43,0.26,0.42,0.41,72,224,0.11,0.02,0.52,0.19,0.97,0.4,0.56,0.96
42,icmp,ssh,SF,19428,2942,0,3,0,5,4,1,3,1,0,5,3,2,5,0,0,0,273,457,0.32,0.24,0.75,0.85,0.68,0.87,0.08,76,60,0.49,0.28,0.85,0.58,0.24,0.8,0.19,0.55
85,udp,ssh,SF,35588,45222,0,0,0,10,5,1,2,1,1,4,3,1,5,0,0,0,129,229,0.03,0.56,0.43,0.02,0.06,0.7,0.25,3,157,0.3,0.66,0.49,0.78,0.6,0.92,0.38,0.02
1,icmp,smtp,SH,32579,4652,1,0,0,8,2,0,2,1,1,3,0,0,3,0,0,1,500,321,0.22,0.02,0.63,0.15,0.33,0.33,0.19,128,154,0.31,0.51,0.85,0.85,0.49,0.28,0.35,0.73
98,udp,ssh,REJ,15009,5530,0,3,0,1,4,0,2,0,0,2,4,1,3,0,0,1,181,301,0.82,0.53,0.65,0.55,0.24,0.26,0.02,42,69,0.66,0.67,0.74,0.23,0.13,0.95,0.47,0.53
46,tcp,other,S0,41298,30956,0,2,0,10,0,0,4,1,1,3,4,2,2,0,0,0,177,241,0.24,0.24,0.54,0.84,0.28,0.96,0.88,71,218,0.3,0.07,0.98,0.56,0.99,0.74,0.25,0.33
69,udp,smtp,SF,6260,26883,0,2,0,4,0,1,2,1,1,5,4,0,4,0,0,1,224,245,0.4,0.69,0.6,0.35,0.46,0.82,0.23,208,245,0.68,0.31,0.62,0.98,0.6,0.05,0.28,0.61
46,tcp,other,SF,34057,973,0,2,0,0,5,1,3,1,1,4,1,0,1,0,0,0,105,76,0.99,0.37,0.81,0.47,0.76,0.3,0.79,95,115,0.82,0.87,0.55,0.96,0.67,0.85,0.61,0.65
75,tcp,ftp,REJ,21355,41234,0,2,0,3,2,1,1,0,0,1,5,2,4,0,0,1,381,413,0.25,0.87,0.74,0.91,0.16,0.74,0.88,110,240,0.55,0.36,0.79,0.44,0.1,0.23,0.33,0.34
39,icmp,smtp,SF,34443,49453,1,3,0,1,4,1,5,0,0,3,4,2,2,0,0,0,457,242,0.47,0.74,0.64,0.51,0.56,0.27,0.02,104,177,0.96,0.97,0.06,0.66,0.53,0.8,0.21,0.99
21,udp,ssh,SF,34197,44452,1,1,0,5,0,0,3,1,1,5,5,0,1,0,0,0,13,386,0.83,0.03,0.72,0.01,0.43,0.97,0.15,178,27,0.89,0.76,0.32,0.6,0.46,0.54,0.44,0.61
97,udp,other,RSTO,34287,41945,1,0,0,10,2,1,5,1,0,5,3,0,2,0,0,0,491,402,0.16,0.44,0.86,0.66,0.95,0.23,0.49,234,62,0.75,0.67,0.35,0.54,0.75,0.38,0.29,0.7
58,tcp,smtp,SF,22484,46833,1,0,0,0,1,0,2,1,0,0,0,0,0,0,0,0,17,235,0.98,0.06,0.17,0.41,0.52,0.13,0.34,228,151,0.37,0.29,0.24,0.42,0.39,0.66,0.99,0.27
17,udp,ssh,S0,37908,12471,1,1,0,5,3,1,3,0,0,1,2,2,1,0,0,0,341,229,0.69,0.16,0.61,0.41,0.15,0.44,0.59,59,95,0.0,1.0,0.24,0.93,0.33,0.09,0.59,0.13
3,tcp,dns,S0,17952,21128,0,2,0,5,4,1,4,1,1,3,3,1,3,0,0,0,335,358,0.56,0.25,0.32,0.33,0.25,0.63,0.65,190,20,0.97,0.45,0.46,0.57,0.78,0.63,0.77,0.61
31,udp,ftp,SH,43987,9390,1,2,0,0,0,1,3,1,1,4,3,2,5,0,0,0,27,420,1.0,0.03,0.41,0.02,0.25,0.18,0.51,243,77,0.05,0.15,0.83,0.36,0.32,0.16,0.64,0.3
85,tcp,http,SF,13738,31734,0,2,0,0,2,1,1,0,0,0,0,2,2,0,0,1,268,319,0.73,0.81,0.39,0.3,0.86,0.8,0.22,96,1,0.92,0.1,0.75,0.4,0.9,0.28,0.42,0.12
26,tcp,ftp,S0,18234,22816,0,2,0,4,4,1,1,0,0,2,2,0,1,0,0,1,399,326,0.49,0.91,0.16,0.31,0.76,0.38,0.81,246,55,0.9,0.38,0.83,0.34,0.68,0.05,0.52,0.55
42,icmp,dns,SF,14965,8200,1,3,0,5,2,0,4,1,1,3,4,1,0,0,0,0,492,135,0.97,0.22,0.7,0.7,0.36,0.28,0.83,114,117,0.09,0.04,0.78,1.0,0.62,0.54,0.07,0.79
10,udp,ssh,REJ,17553,2074,0,2,0,3,4,0,4,1,1,0,4,1,4,0,0,1,422,345,0.78,0.77,0.89,0.61,0.55,0.67,0.62,134,132,0.57,0.22,0.93,0.6,0.88,0.23,0.97,0.1
100,icmp,http,SH,47274,6251,1,1,0,2,2,1,3,1,1,1,4,1,3,0,0,1,405,492,0.63,0.3,0.98,0.59,0.5,0.92,0.81,96,5,0.02,0.28,0.01,0.2,0.83,0.48,0.8,0.45
29,icmp,ftp_data,SF,8292,46708,1,2,0,10,0,1,4,1,0,1,5,1,4,0,0,1,81,82,0.14,0.7,0.73,0.29,0.77,0.76,0.88,48,100,0.95,0.33,0.26,0.15,0.69,0.8,0.19,0.2
66,tcp,other,S0,45038,8497,0,0,0,9,1,1,2,1,1,5,1,1,5,0,0,0,356,330,0.5,0.13,0.66,0.49,0.38,0.67,0.88,151,116,0.49,0.87,0.05,0.85,0.02,0.51,0.38,0.75
17,udp,ftp_data,SH,13997,4980,1,1,0,9,2,1,1,1,1,2,2,1,5,0,0,0,183,98,0.91,0.08,0.77,0.71,0.17,0.16,0.54,216,166,0.64,0.84,0.53,0.5,0.12,0.59,0.79,0.93
67,udp,http,SF,49859,11982,1,1,0,9,4,1,3,0,0,5,4,0,4,0,0,0,478,66,0.41,0.59,0.01,0.84,0.15,0.88,0.32,32,79,0.46,0.25,0.43,0.43,0.29,0.11,0.24,0.34
41,icmp,ftp,RSTO,31912,44468,0,2,0,10,5,1,1,1,0,0,2,1,1,0,0,1,189,261,0.85,0.18,0.15,0.52,0.3,0.68,0.56,165,106,0.94,0.09,0.45,0.96,0.97,0.11,0.47,0.49
85,icmp,dns,RSTO,4782,43744,1,1,0,3,4,1,1,1,1,5,1,1,3,0,0,0,137,357,0.91,0.24,0.47,0.52,0.06,0.41,0.38,124,153,0.84,0.67,0.85,0.34,0.52,0.87,0.78,0.67
37,icmp,ssh,S0,32171,14984,1,3,0,6,0,0,3,1,0,3,1,1,1,0,0,1,335,466,0.79,0.86,0.18,0.2,0.46,0.87,0.91,37,111,0.03,0.03,0.13,0.54,0.25,0.58,0.81,0.17
77,udp,ftp_data,SH,30865,9025,0,3,0,7,1,1,4,0,0,0,5,2,5,0,0,1,395,427,0.42,0.53,0.81,0.01,0.61,0.93,0.74,102,219,0.45,0.14,0.29,0.17,0.96,0.62,0.33,0.33
43,icmp,other,REJ,9289,28725,1,1,0,1,2,0,0,0,1,5,4,2,3,0,0,0,352,321,0.61,0.59,0.97,0.96,0.11,0.67,0.89,135,59,0.86,0.32,0.78,0.32,0.63,0.61,0.95,0.32
7,tcp,dns,SH,11157,39813,0,3,0,3,3,1,2,0,1,2,0,0,1,0,0,1,228,98,0.18,0.5,0.04,0.96,0.22,0.64,0.91,212,94,0.11,0.66,0.9,0.67,0.41,0.76,0.69,0.58
44,icmp,http,SF,31667,36234,0,1,0,10,2,0,0,0,0,5,1,0,2,0,0,1,357,503,0.7,0.53,0.26,0.1,0.56,0.23,0.82,99,160,0.18,0.42,0.55,0.21,0.07,0.35,0.74,0.37
85,udp,ssh,S0,36918,30137,1,3,0,4,1,1,5,0,1,1,0,0,2,0,0,0,59,364,0.89,0.43,0.65,0.89,0.72,0.37,0.44,82,197,0.69,0.73,0.1,0.62,0.28,0.39,0.91,0.15
87,tcp,dns,RSTO,15805,24415,1,2,0,1,1,1,4,0,1,4,2,2,4,0,0,0,164,423,0.36,0.89,0.65,1.0,0.3,1.0,0.52,156,116,0.04,0.99,0.94,0.92,0.98,0.03,0.32,0.65
11,udp,ftp_data,SF,38330,23977,0,1,0,2,4,1,2,1,1,5,0,1,0,0,0,0,65,131,0.96,0.32,0.25,0.14,0.13,0.83,0.24,55,96,0.16,0.72,0.98,0.05,0.4,0.44,0.1,0.26
18,tcp,ssh,REJ,1730,18456,1,0,0,3,1,0,4,1,1,3,2,2,1,0,0,1,325,223,0.55,0.54,0.34,0.17,0.43,0.95,0.53,84,152,0.43,0.75,0.44,0.4,0.9,0.09,0.35,0.51
12,icmp,ftp,SH,36638,31642,0,3,0,4,0,1,5,0,0,5,1,0,1,0,0,0,176,349,0.37,0.07,0.07,0.91,0.62,0.78,0.69,146,174,0.06,0.57,0.28,0.95,0.38,0.92,1.0,0.95
21,tcp,smtp,SF,14000,30402,1,0,0,3,5,0,1,1,0,3,2,2,1,0,0,1,197,144,0.96,0.79,0.45,0.18,0.23,0.0,0.89,106,87,0.57,0.8,0.93,0.71,0.93,0.47,0.74,0.02
91,tcp,smtp,RSTO,33942,23650,1,1,0,9,0,0,0,0,0,3,4,2,2,0,0,1,274,351,0.88,0.72,0.79,0.11,0.43,0.7,0.56,57,251,0.46,0.92,0.47,0.75,0.38,0.91,0.51,0.8
60,udp,other,REJ,35850,27958,0,3,0,10,4,1,5,0,1,2,0,1,2,0,0,1,105,84,0.83,0.8,0.73,0.74,0.17,0.37,0.93,215,227,0.98,0.53,0.56,0.06,0.36,0.52,0.15,0.66
45,icmp,ssh,RSTO,44549,24094,1,3,0,3,2,0,3,0,1,5,0,1,4,0,0,1,488,49,0.09,0.21,0.51,0.61,0.05,0.74,0.66,63,202,0.97,0.26,0.84,0.84,0.95,0.06,0.64,0.96
94,icmp,ftp_data,SF,1024,6187,0,1,0,10,2,1,2,1,0,1,5,1,5,0,0,1,241,26,0.69,0.02,0.49,0.51,0.98,0.55,0.43,36,176,0.13,0.74,0.95,0.97,0.16,0.98,0.4,0.13
21,tcp,dns,S0,36577,22678,0,1,0,10,0,0,4,0,1,0,0,1,3,0,0,0,484,342,0.27,0.22,0.68,0.96,0.7,0.66,0.87,84,159,0.68,0.26,0.21,0.51,0.27,0.06,0.29,0.68
36,icmp,ftp,REJ,31573,5475,0,2,0,7,3,0,1,0,1,2,3,1,4,0,0,0,385,139,0.31,0.45,0.64,0.13,0.16,0.5,0.72,131,53,0.49,0.84,1.0,0.31,0.27,1.0,0.03,0.52
2,tcp,other,SF,27783,14296,0,1,0,8,2,0,3,1,1,0,2,1,2,0,0,0,242,22,0.37,0.16,0.23,0.94,0.47,0.61,0.31,122,84,0.51,0.88,0.46,0.24,0.41,0.95,0.89,0.91
14,udp,dns,REJ,15854,29458,1,2,0,7,3,0,3,0,0,5,0,0,3,0,0,1,466,122,0.92,0.49,0.39,0.61,0.33,0.93,0.24,130,230,0.26,0.5,0.81,0.88,0.02,0.04,0.99,0.04
68,tcp,ftp_data,SF,48728,42113,0,1,0,6,5,0,0,0,1,3,5,2,4,0,0,1,332,200,0.24,0.07,0.91,0.75,0.67,0.97,0.39,216,80,0.79,0.75,0.13,0.78,0.24,0.54,0.99,0.65
73,tcp,smtp,S0,17010,33185,1,3,0,6,2,0,1,1,1,4,4,2,1,0,0,0,48,219,0.61,0.95,0.04,0.86,0.21,0.99,0.1,105,203,0.07,0.83,0.25,0.96,0.96,0.8,0.61,0.47
81,icmp,ftp,SF,16100,5882,1,1,0,1,1,1,2,0,1,2,5,2,3,0,0,1,285,22,0.86,0.0,0.76,0.46,0.17,0.99,0.61,34,24,0.54,0.85,0.95,0.69,0.32,0.85,0.59,0.05
7,icmp,dns,SF,4021,49649,0,1,0,1,1,1,5,1,0,4,1,1,4,0,0,0,21,388,0.73,0.14,0.14,0.12,0.19,0.74,0.19,173,20,0.78,0.81,0.03,0.38,0.64,0.75,0.8,0.25
93,tcp,ssh,S0,28825,44796,0,0,0,0,2,0,3,0,1,0,5,1,2,0,0,0,380,189,0.84,0.85,0.57,0.78,0.58,0.73,0.15,232,56,0.14,0.62,0.13,0.37,0.13,0.05,0.39,0.23
97,icmp,http,REJ,11613,22234,0,3,0,6,0,0,3,0,1,5,0,0,4,0,0,0,265,353,0.65,0.93,0.8,0.42,0.2,0.93,0.98,52,110,0.74,0.32,0.89,0.29,0.06,0.63,0.76,0.44
71,udp,dns,S0,45866,41661,0,2,0,9,5,1,4,1,0,3,4,1,4,0,0,1,432,8,0.16,0.1,0.95,0.66,0.58,0.05,0.59,161,106,0.63,0.3,0.11,0.41,0.07,0.11,0.85,0.05
58,udp,dns,REJ,18591,15893,1,0,0,3,3,1,2,1,0,5,4,1,4,0,0,1,310,254,0.03,0.19,0.16,0.89,0.96,0.38,0.17,235,131,0.52,0.48,0.41,0.04,0.58,0.59,0.06,0.04
18,icmp,ssh,RSTO,48663,5860,1,2,0,10,1,1,5,1,1,4,2,1,4,0,0,1,161,385,0.27,0.59,0.56,0.54,0.62,0.38,0.53,183,62,0.11,0.32,0.76,0.73,1.0,0.18,0.36,0.4
50,udp,ftp_data,REJ,21874,9905,1,0,0,3,5,0,5,1,0,3,5,1,3,0,0,1,459,463,0.23,0.68,0.6,0.77,0.6,0.79,0.33,40,228,0.57,0.04,0.36,0.24,0.98,0.73,0.09,0.86
49,udp,ssh,RSTO,4204,11209,1,0,0,2,5,1,5,0,0,5,2,0,4,0,0,1,137,428,0.64,0.96,0.39,0.73,0.8,0.99,0.62,11,161,0.51,0.2,0.41,0.43,0.67,0.4,0.01,0.41
70,udp,other,REJ,15111,43446,0,3,0,10,5,0,2,0,1,3,4,2,5,0,0,1,427,134,0.7,0.39,0.26,0.25,0.84,0.44,0.25,234,66,0.29,0.52,0.28,0.25,0.75,0.63,0.91,0.31
63,tcp,smtp,REJ,9121,6463,0,0,0,8,1,0,0,1,1,3,3,0,1,0,0,0,120,459,0.46,0.03,0.31,0.08,0.11,0.64,0.17,228,116,0.94,1.0,0.43,0.46,0.36,0.49,0.9,0.85
83,udp,dns,S0,30182,44671,1,0,0,10,3,0,5,1,0,5,3,0,5,0,0,0,450,58,0.31,0.65,0.9,0.42,0.54,0.35,0.59,25,178,0.59,0.65,0.28,0.64,0.95,0.84,0.89,0.55
94,tcp,dns,REJ,26823,31868,0,3,0,9,2,1,0,1,0,2,0,2,3,0,0,0,287,477,0.15,0.77,0.33,0.84,0.41,0.12,0.35,201,147,0.22,0.63,0.92,0.94,0.32,0.52,0.84,0.18
10,icmp,smtp,S0,32853,1294,1,0,0,10,5,1,4,0,1,5,1,2,2,0,0,1,72,420,0.21,0.23,0.86,0.64,0.25,0.35,0.68,118,187,0.66,0.28,0.44,0.48,0.78,0.24,0.89,0.47
39,tcp,ssh,S0,33218,6121,0,2,0,0,4,1,5,1,1,3,3,0,5,0,0,0,433,306,0.06,0.49,0.91,0.03,0.05,0.47,0.74,106,115,0.19,0.5,0.69,0.51,0.55,0.26,0.37,0.43
21,udp,dns,S0,49877,39934,1,2,0,10,4,0,1,1,1,1,3,1,2,0,0,0,263,305,0.38,0.32,0.49,0.51,0.27,0.46,0.42,166,179,0.85,0.66,0.68,0.49,0.36,0.54,0.12,0.55
38,tcp,ssh,SH,18356,26596,0,1,0,4,4,0,1,1,1,1,0,2,0,0,0,0,7,30,0.83,0.36,0.1,0.54,0.91,0.82,0.88,147,183,0.16,0.48,0.06,0.73,0.24,0.37,0.93,0.9
57,icmp,ftp_data,S0,43269,35996,0,1,0,10,5,1,2,1,0,1,0,2,2,0,0,0,322,33,0.0,0.52,0.66,0.22,0.37,0.8,0.94,203,46,0.68,0.1,0.46,0.04,0.06,0.25,0.5,0.61
80,icmp,other,REJ,3850,27126,0,2,0,9,2,0,1,0,0,4,0,2,3,0,0,0,233,421,0.61,0.76,0.02,0.71,0.28,0.84,0.65,181,150,0.45,0.9,0.5,0.37,0.98,0.75,0.26,0.53
70,tcp,ssh,SF,2147,26745,1,3,0,10,3,0,3,0,0,0,3,1,4,0,0,1,299,490,0.96,0.98,0.98,0.14,0.13,0.3,0.1,30,238,0.78,0.78,0.27,0.31,0.48,0.4,0.47,0.31
60,udp,ftp_data,SH,44833,13599,1,3,0,4,4,0,2,0,1,1,1,2,5,0,0,0,188,362,0.19,0.95,0.83,0.47,0.43,0.09,0.62,201,240,0.41,0.06,0.21,0.57,0.08,0.66,0.45,0.53
94,icmp,ssh,S0,30689,7372,0,1,0,7,2,1,3,0,0,0,1,1,2,0,0,0,312,139,0.94,0.16,0.43,0.54,0.17,0.29,0.37,243,222,0.47,0.65,0.02,0.48,0.68,0.74,0.07,0.36
55,udp,other,RSTO,30825,45447,1,0,0,10,4,1,4,0,0,5,4,1,2,0,0,0,324,370,0.74,0.13,0.09,0.03,0.68,0.56,0.97,18,160,0.41,0.96,0.72,0.11,0.49,0.49,0.09,0.19
39,icmp,ftp_data,RSTO,11147,13303,0,1,0,9,0,0,5,0,0,3,3,1,2,0,0,1,454,108,0.38,0.79,0.52,0.99,0.72,0.29,0.72,149,196,0.74,0.63,0.84,0.89,0.08,0.04,0.27,0.99
9,udp,smtp,SF,6172,361,0,0,0,10,4,0,4,0,1,2,2,1,3,0,0,1,166,126,0.44,0.34,0.8,0.84,0.61,0.61,0.44,211,2,0.97,0.01,0.73,0.59,0.1,0.06,0.44,0.66
29,udp,dns,REJ,23193,15363,0,1,0,10,0,0,1,0,0,0,4,1,4,0,0,1,133,279,0.28,0.75,0.15,0.78,0.19,0.64,0.25,75,113,0.57,0.33,0.4,0.76,0.36,0.43,0.31,0.02
30,icmp,http,RSTO,16077,7634,1,3,0,2,2,1,2,1,1,4,5,2,4,0,0,1,257,432,0.58,0.86,0.92,0.16,0.0,0.46,0.8,193,20,0.37,0.6,0.89,0.56,0.03,0.58,0.63,0.15
5,icmp,smtp,REJ,47296,33308,1,2,0,7,0,0,1,0,0,3,3,2,3,0,0,1,11,348,0.46,0.1,0.52,0.27,0.59,0.47,0.41,146,70,0.97,0.45,0.18,0.53,0.79,0.17,0.58,0.44
61,udp,other,S0,47278,49465,0,1,0,5,5,1,2,1,0,1,2,1,0,0,0,1,382,329,0.59,0.8,0.45,0.77,0.25,0.21,0.49,211,101,0.95,0.57,0.73,0.67,0.21,0.93,0.29,0.85
14,icmp,dns,REJ,3903,31644,1,2,0,3,2,1,5,1,1,4,1,1,1,0,0,1,31,484,0.79,0.04,0.17,0.65,0.37,0.36,0.87,214,120,0.25,0.43,0.43,0.82,0.91,0.18,0.5,0.44
39,tcp,ssh,S0,42694,32976,1,3,0,5,1,0,2,1,0,2,5,1,0,0,0,1,436,129,0.98,0.61,0.01,0.69,0.79,0.34,0.27,7,52,0.93,0.83,0.25,0.24,0.94,0.72,0.23,0.75
39,udp,other,SH,290,34879,1,0,0,10,5,0,5,1,0,3,3,2,3,0,0,0,292,369,0.91,0.98,0.9,0.12,0.1,0.56,0.1,250,148,0.91,0.63,0.75,0.67,0.68,0.7,0.4,0.79
76,tcp,ftp,RSTO,13645,29977,0,2,0,0,0,0,5,1,0,2,0,2,3,0,0,1,63,280,0.54,0.91,0.12,0.4,0.47,0.95,0.02,216,71,0.85,0.5,0.13,0.96,0.56,0.96,0.96,0.96
18,tcp,ftp_data,RSTO,23680,17155,1,1,0,1,5,1,0,1,0,4,1,0,2,0,0,1,104,492,0.66,0.6,0.94,0.96,0.79,0.95,0.27,186,10,0.0,0.92,0.2,0.22,0.5,0.04,0.13,0.37
71,udp,ssh,REJ,15224,37508,1,0,0,2,2,0,5,0,1,2,3,0,0,0,0,1,456,475,0.09,0.98,0.98,0.89,0.9,0.3,0.28,78,27,0.27,0.08,0.26,0.94,0.42,0.85,0.85,0.5
30,tcp,dns,REJ,24894,815,0,0,0,5,1,0,3,0,1,0,4,2,4,0,0,1,404,37,0.79,0.6,0.66,0.98,0.41,0.74,0.92,149,167,0.51,0.97,0.52,0.38,0.08,0.61,0.98,0.71
72,udp,smtp,RSTO,20259,44377,1,3,0,6,3,0,5,1,0,1,0,0,5,0,0,1,171,70,0.64,0.18,0.44,0.24,0.44,0.02,0.1,172,174,0.81,0.2,0.34,0.25,0.33,0.68,0.48,0.33
16,tcp,ssh,S0,30789,9489,0,0,0,1,1,1,3,0,0,3,1,2,5,0,0,0,218,372,0.9,0.57,0.12,0.65,0.56,0.41,0.84,138,103,0.23,0.29,0.2,0.26,0.37,0.32,0.96,0.94
13,tcp,other,RSTO,42510,24122,1,3,0,0,0,1,1,1,1,0,5,2,1,0,0,1,103,113,0.56,0.62,0.51,0.54,0.26,0.51,0.51,106,251,0.73,0.91,0.87,0.66,0.87,0.31,0.19,0.39
42,tcp,ssh,SF,17368,2690,0,3,0,7,5,0,0,0,1,2,3,0,0,0,0,0,472,143,0.22,0.45,0.99,0.84,0.43,0.76,0.04,223,1,0.83,0.62,0.09,0.92,0.97,0.83,0.9,0.22
54,tcp,http,SF,18301,39745,0,0,0,2,5,0,2,0,1,1,2,2,5,0,0,0,496,201,0.66,0.67,0.17,0.76,0.6,0.32,0.19,9,17,0.53,0.78,0.22,0.61,0.24,0.44,0.91,0.9
100,icmp,ssh,REJ,26072,40930,0,1,0,4,1,0,3,0,0,5,5,0,0,0,0,0,507,502,0.59,0.41,0.65,0.82,0.1,0.98,0.16,136,58,0.07,0.3,0.13,0.53,0.76,0.05,0.08,0.76
64,icmp,http,S0,12625,19971,0,1,0,0,3,0,3,1,1,2,3,0,1,0,0,0,309,492,0.4,0.41,0.96,0.53,0.42,0.73,0.13,167,145,0.91,0.94,0.85,0.15,0.0,0.05,0.4,0.38
52,udp,dns,SH,9657,30732,0,2,0,1,0,1,4,0,1,3,4,1,0,0,0,0,25,50,0.53,0.66,0.51,0.26,0.04,0.45,0.04,74,24,0.1,0.9,0.25,0.42,0.16,0.03,0.98,0.46
85,icmp,ssh,REJ,25944,27599,1,3,0,3,1,1,3,1,0,5,2,0,5,0,0,0,112,340,0.66,0.83,0.81,0.25,0.89,0.25,0.04,25,107,0.39,0.28,0.93,0.54,0.11,0.59,0.8,0.16
53,icmp,dns,SF,36147,39550,1,2,0,3,4,1,0,0,0,3,0,2,2,0,0,1,7,433,0.46,0.12,0.7,0.95,0.06,0.34,0.1,121,220,0.9,0.22,0.08,0.9,0.32,0.64,0.13,0.58
45,udp,dns,SF,48304,8460,0,2,0,7,5,0,1,1,1,2,2,1,2,0,0,0,331,395,0.31,0.85,0.85,0.61,0.74,0.06,0.88,131,40,0.7,0.22,0.72,0.7,0.04,0.64,0.49,0.17
79,icmp,dns,REJ,26378,24034,0,2,0,3,4,0,2,0,1,3,1,1,2,0,0,1,318,114,0.27,0.32,0.47,0.11,0.26,0.41,0.69,189,250,0.58,0.88,0.58,0.07,0.7,0.56,0.74,0.51
40,udp,ftp,SH,18010,17755,1,1,0,7,5,1,2,0,0,4,1,2,0,0,0,1,94,54,0.49,0.87,0.04,0.45,0.56,0.93,0.89,197,56,0.67,0.73,0.81,0.87,0.13,0.98,0.12,0.18
26,udp,ftp_data,RSTO,3779,3542,1,0,0,10,3,1,5,0,1,2,5,0,4,0,0,0,363,358,0.15,0.23,0.26,0.16,0.46,0.89,0.32,247,60,0.32,0.63,0.83,0.08,0.78,0.65,0.77,0.87
20,icmp,smtp,SF,8963,16450,1,3,0,7,0,1,5,1,0,5,4,1,3,0,0,1,364,261,0.02,0.07,0.73,0.16,0.05,0.75,0.7,68,255,0.76,0.9,0.11,0.74,0.17,0.92,0.01,0.61
22,tcp,ftp,SH,30293,39352,1,1,0,0,0,1,2,1,1,5,5,2,1,0,0,0,178,231,0.7,0.41,0.71,0.37,0.24,0.28,0.79,240,96,0.04,0.36,0.17,0.41,0.54,0.81,0.23,0.37
17,icmp,ftp_data,RSTO,28178,39353,0,1,0,5,0,0,0,0,0,2,5,2,2,0,0,0,242,420,0.5,0.33,0.64,0.24,0.33,0.51,0.83,58,100,0.44,0.12,0.16,0.86,0.51,0.66,0.1,0.97
41,udp,smtp,SH,34556,16801,1,2,0,7,5,1,3,1,1,4,2,2,2,0,0,1,327,68,0.78,0.76,0.73,0.61,0.97,0.65,0.83,164,16,0.96,0.81,0.11,0.53,0.54,0.67,0.8,0.42
36,icmp,other,RSTO,21754,15104,1,2,0,5,1,0,0,0,0,3,1,0,5,0,0,1,7,175,0.14,0.26,0.08,0.87,0.2,0.42,0.6,220,125,0.21,0.77,0.08,0.56,0.38,0.31,0.13,0.1
40,tcp,ftp_data,SH,12240,34465,1,1,0,8,1,1,1,0,0,5,5,0,1,0,0,1,82,203,0.22,0.87,0.51,0.91,0.98,0.52,0.27,9,141,0.02,0.97,0.32,0.96,0.14,0.1,0.59,0.43
49,tcp,http,REJ,27434,24466,0,0,0,6,5,1,4,1,1,3,5,0,4,0,0,1,392,389,0.67,0.24,0.9,0.01,0.59,0.74,0.21,189,223,0.77,0.07,0.07,0.17,0.75,0.38,0.36,0.55
48,udp,dns,REJ,48955,47803,1,1,0,6,0,0,1,0,1,4,2,0,5,0,0,0,426,146,0.41,0.74,0.83,0.96,0.23,0.98,0.02,16,156,0.6,0.11,0.03,0.83,0.74,0.57,0.24,0.33
43,icmp,smtp,S0,12410,32216,0,3,0,7,3,0,5,1,0,5,2,2,2,0,0,0,344,97,0.7,0.67,0.43,0.14,0.54,0.14,0.19,120,250,0.69,0.46,0.84,0.09,0.52,0.24,0.88,0.15
36,tcp,ftp_data,S0,8878,11587,0,2,0,2,5,0,3,0,0,3,2,1,3,0,0,0,484,214,0.27,0.36,0.38,0.45,0.0,0.54,0.57,221,198,0.41,0.28,0.08,0.71,0.8,0.63,0.82,0.3
2,tcp,dns,SH,25354,41926,1,2,0,6,1,0,4,1,1,2,4,2,3,0,0,1,185,291,0.5,0.63,0.73,0.81,0.74,0.83,0.22,54,200,0.75,0.13,0.7,0.83,0.25,0.89,0.1,0.54
17,tcp,ftp,SH,36832,31912,0,1,0,1,4,0,3,1,1,4,2,0,3,0,0,0,245,453,0.02,0.56,0.94,0.19,0.6,0.75,0.02,119,142,0.65,0.09,0.01,0.43,0.11,0.43,0.46,0.35
0,tcp,ftp,REJ,15734,49496,1,3,0,9,0,0,3,0,0,3,5,1,2,0,0,1,368,409,0.07,0.5,0.55,0.36,0.26,0.14,0.53,82,232,0.42,0.7,0.55,0.51,0.9,0.68,0.76,0.77
6,udp,http,RSTO,13004,22291,1,0,0,3,4,0,5,0,0,0,3,1,4,0,0,0,155,487,0.26,0.93,0.01,0.72,0.59,0.8,0.57,145,12,0.03,0.78,0.47,0.6,0.47,0.17,0.01,0.16
52,tcp,ftp_data,SF,20891,18656,0,2,0,7,5,1,0,1,1,2,1,1,3,0,0,1,366,511,0.74,0.83,0.97,0.79,0.96,0.72,0.19,123,206,0.2,0.02,0.37,0.62,0.17,0.44,0.08,0.99
4,icmp,dns,RSTO,27891,38014,0,0,0,10,0,1,4,0,0,1,1,2,3,0,0,0,76,290,0.3,0.1,0.69,0.58,0.56,0.7,0.99,165,34,0.74,0.9,0.25,0.65,0.45,0.75,0.62,0.31
15,udp,smtp,S0,26488,27216,1,3,0,10,5,0,3,1,0,2,2,1,4,0,0,1,14,224,0.27,0.94,0.22,0.49,0.24,0.33,0.74,140,158,0.97,0.72,0.34,0.93,0.98,0.53,0.2,0.17
41,tcp,ftp,SH,43903,9499,1,2,0,7,3,1,3,1,1,2,2,1,3,0,0,0,200,276,0.68,0.24,0.73,0.76,0.88,0.93,0.51,109,231,0.7,0.53,0.06,0.32,0.34,0.05,0.78,0.99
54,udp,http,RSTO,16306,16242,0,1,0,9,0,1,0,1,1,2,3,0,2,0,0,1,81,75,0.81,0.14,0.81,0.7,0.85,0.8,0.91,75,223,0.34,0.8,0.46,0.01,0.7,0.74,0.62,1.0
78,udp,ftp_data,SF,26654,14361,1,2,0,2,4,1,2,1,0,5,5,1,0,0,0,0,507,202,0.53,0.96,0.35,0.78,0.96,0.25,0.48,214,54,0.35,0.75,0.78,0.53,0.2,0.43,0.92,0.15
20,tcp,smtp,RSTO,2604,31232,1,3,0,2,1,0,2,0,0,4,0,2,2,0,0,1,493,150,0.81,0.61,0.07,0.69,0.16,0.83,0.58,51,120,0.52,0.05,0.15,0.56,0.33,0.9,0.87,0.36
41,icmp,ftp,SH,155,20541,0,1,0,9,1,0,2,0,1,4,2,0,4,0,0,0,475,457,0.15,0.49,0.45,0.86,0.85,0.8,0.31,44,15,0.27,0.1,0.56,0.29,0.53,0.46,0.31,0.75
85,udp,other,SF,37681,46657,1,3,0,1,4,1,1,0,1,2,4,1,3,0,0,1,176,8,0.94,0.52,0.26,0.28,0.8,0.34,0.37,242,203,0.9,0.88,0.96,0.04,0.88,0.35,0.48,0.84
45,tcp,ftp_data,REJ,20634,43492,1,0,0,7,3,0,3,0,0,5,4,2,5,0,0,1,70,461,0.57,0.76,0.79,0.36,0.59,0.83,0.35,31,6,0.79,0.53,0.71,0.08,0.92,0.25,0.9,0.59
21,tcp,smtp,SF,20869,13699,0,1,0,2,4,0,5,1,1,3,5,2,1,0,0,0,252,481,0.59,0.01,0.17,0.91,0.99,0.8,0.27,135,205,0.2,0.76,0.44,0.11,0.61,0.43,0.9,0.63
90,udp,smtp,RSTO,23431,22126,1,3,0,3,4,0,1,0,0,0,3,1,0,0,0,0,352,345,0.45,0.73,0.3,0.62,1.0,0.51,0.44,228,101,0.34,0.84,0.84,0.35,0.64,0.85,0.55,0.57
28,icmp,ssh,RSTO,13824,6882,0,0,0,6,2,0,3,0,0,1,2,2,3,0,0,0,187,252,0.1,0.98,0.41,0.9,0.39,0.53,0.74,100,213,0.15,0.83,0.95,0.79,0.74,1.0,0.88,0.64
13,tcp,ftp_data,REJ,14212,37157,0,1,0,6,2,1,4,1,0,4,0,0,4,0,0,1,258,472,0.52,0.78,0.32,0.3,0.45,0.04,0.84,218,184,0.28,0.3,0.68,0.65,0.88,0.1,0.16,0.27
97,icmp,dns,REJ,20103,43446,1,1,0,1,0,1,1,1,1,3,3,0,1,0,0,1,289,460,0.43,0.51,0.92,0.94,0.77,0.83,0.01,187,230,0.18,0.22,0.61,0.01,0.9,0.99,0.02,0.98
10,icmp,ssh,S0,11491,43950,1,1,0,5,5,1,5,0,0,2,5,2,3,0,0,0,182,221,0.8,0.26,0.62,0.48,0.51,0.52,0.21,103,155,0.14,0.71,0.65,0.15,0.78,0.22,0.85,0.53
3,icmp,smtp,REJ,48313,25098,0,3,0,7,0,1,5,1,1,5,1,1,2,0,0,0,53,468,0.56,0.77,0.45,0.81,0.8,0.18,0.2,244,122,0.63,0.2,0.61,0.46,0.3,0.66,0.4,0.1
97,udp,ftp_data,RSTO,36277,6235,0,2,0,3,1,0,3,1,1,1,2,1,0,0,0,0,288,301,0.76,0.19,0.39,0.07,0.45,0.18,0.08,226,220,0.02,0.08,0.7,0.97,0.69,0.44,0.76,0.65
11,tcp,ftp,SF,47132,13208,0,0,0,3,0,0,5,1,1,0,3,2,3,0,0,0,30,213,0.27,0.87,0.96,0.61,0.02,0.44,0.01,226,234,0.91,0.23,0.82,0.91,0.86,0.09,0.27,0.84
12,icmp,dns,S0,10934,34517,0,3,0,2,1,0,5,0,1,0,4,0,5,0,0,1,76,481,0.55,0.79,0.86,0.44,0.91,0.16,0.47,144,150,0.08,0.48,0.63,0.48,0.75,0.68,0.83,0.2
5,udp,ssh,SF,49702,29972,1,0,0,5,2,1,1,1,1,5,5,2,1,0,0,0,495,459,0.19,0.79,0.44,0.87,0.09,0.06,0.65,241,93,0.79,0.17,0.5,0.03,0.44,0.1,0.76,0.85
90,icmp,dns,SF,46293,5776,0,1,0,4,5,0,0,1,0,3,1,1,2,0,0,0,436,166,0.09,0.69,0.98,0.72,0.81,0.74,0.67,28,142,0.87,0.26,0.76,0.3,0.09,0.0,0.02,0.24
24,icmp,http,REJ,1780,37844,1,1,0,6,4,0,3,1,1,1,1,0,3,0,0,1,97,129,0.31,0.83,0.22,0.69,0.39,0.47,0.83,218,48,0.07,0.21,0.01,0.85,0.2,0.97,0.02,0.52
66,udp,http,RSTO,33257,1601,0,2,0,5,1,0,0,0,1,1,3,0,4,0,0,0,158,120,0.14,0.96,0.64,0.33,0.64,0.25,0.28,37,43,0.48,0.65,0.56,0.54,0.34,0.34,0.1,0.83
97,icmp,ftp,SF,25537,34069,1,3,0,8,1,1,4,0,0,0,5,1,3,0,0,1,211,65,0.13,0.35,0.36,0.53,0.54,0.95,0.19,50,253,0.83,0.23,0.34,0.28,0.96,0.53,0.55,0.9
52,icmp,ssh,REJ,32236,8844,1,3,0,2,0,1,4,1,0,4,4,2,1,0,0,1,167,261,0.06,0.02,0.91,0.57,0.3,0.92,0.29,154,143,0.81,0.61,0.62,0.38,0.91,0.13,0.55,0.97
19,tcp,other,RSTO,2846,8953,0,2,0,7,4,0,3,0,0,5,1,2,3,0,0,1,379,224,0.13,0.36,0.37,0.14,0.42,0.31,0.22,253,179,0.95,0.61,0.13,0.36,0.89,0.21,0.61,0.73
13,udp,ftp,S0,34521,20186,0,1,0,9,2,1,4,0,1,3,0,0,2,0,0,1,15,14,0.92,0.69,0.85,0.73,0.81,0.36,0.17,31,24,0.71,0.95,0.48,0.83,0.23,0.8,0.07,0.46
39,tcp,ftp_data,SF,23907,38750,0,2,0,4,3,1,4,0,1,0,4,0,1,0,0,1,331,261,0.05,0.88,0.82,0.01,0.01,0.53,0.23,196,129,0.8,0.39,0.56,0.25,0.67,0.35,0.08,0.63
63,icmp,ftp,REJ,16861,43929,0,3,0,2,2,1,1,1,1,0,4,2,5,0,0,0,483,497,0.61,0.27,0.34,0.87,0.87,0.86,0.77,98,166,0.6,0.89,0.99,0.78,0.16,0.19,0.45,0.49
9,icmp,ssh,SF,12914,48321,0,0,0,5,3,1,0,1,0,3,5,0,5,0,0,0,226,206,0.09,0.46,0.07,0.79,0.9,0.21,0.52,31,31,0.73,0.4,0.98,0.18,0.11,0.53,0.76,0.18
17,tcp,smtp,SH,39783,43253,1,3,0,7,5,1,2,1,1,1,5,1,1,0,0,1,361,364,0.89,0.92,0.79,0.4,0.62,0.35,0.33,30,224,0.67,0.79,0.68,0.52,0.72,0.29,0.08,1.0
87,tcp,smtp,RSTO,3302,39236,0,2,0,8,2,0,3,1,0,0,1,2,3,0,0,0,351,163,0.31,0.22,0.89,0.28,0.28,0.58,0.38,212,197,0.98,0.62,0.52,0.41,0.5,0.51,0.8,0.02
31,tcp,ftp_data,RSTO,24034,28640,0,3,0,3,3,1,2,1,1,2,5,0,2,0,0,1,190,244,0.04,0.04,0.63,0.22,0.17,0.62,0.24,177,231,0.11,0.68,0.81,0.38,0.06,0.46,0.98,0.21
12,icmp,ftp_data,REJ,30824,10605,0,1,0,8,1,0,0,1,1,4,5,1,5,0,0,1,147,2,0.09,0.13,0.47,0.51,0.64,0.61,0.55,18,246,0.33,0.83,0.58,0.89,0.22,0.88,0.92,0.17
48,tcp,other,SF,22138,1528,0,2,0,7,0,1,5,0,1,4,1,0,3,0,0,0,235,280,0.65,0.63,1.0,0.4,0.91,0.68,0.64,253,247,0.8,0.45,0.88,0.49,0.36,0.86,0.49,0.55
30,icmp,other,SH,21321,5282,1,1,0,10,1,1,3,0,1,3,3,0,3,0,0,0,214,216,0.53,0.87,0.49,0.64,0.69,0.77,0.93,233,165,0.02,0.35,0.81,0.43,0.65,0.17,0.85,0.25
83,udp,smtp,RSTO,45689,32718,0,3,0,5,2,1,0,0,0,1,4,0,0,0,0,1,441,317,0.83,0.22,0.58,0.56,0.2,0.18,0.81,251,17,0.68,0.05,0.2,0.11,0.07,0.79,0.0,0.64
77,udp,http,SH,28161,35544,0,1,0,7,2,0,2,1,0,2,4,2,0,0,0,0,447,168,0.77,0.99,0.41,0.6,0.47,0.52,0.81,108,42,0.47,0.52,0.62,0.07,0.5,0.34,0.65,0.84
95,icmp,ftp_data,RSTO,20660,19203,1,0,0,7,0,0,3,1,0,4,2,0,0,0,0,0,167,369,0.22,0.61,0.62,0.14,0.79,0.08,0.93,65,210,0.87,0.3,0.19,0.02,0.53,0.82,0.51,0.17
22,icmp,dns,SH,31234,37310,0,1,0,10,2,1,2,0,0,4,1,2,2,0,0,1,393,413,0.64,0.76,0.16,0.31,0.84,0.63,0.3,221,110,0.85,0.41,0.68,0.73,0.7,0.98,0.96,0.9
13,udp,ssh,REJ,43032,27350,0,2,0,0,2,0,0,1,0,1,3,2,5,0,0,0,490,190,0.24,1.0,0.95,0.52,0.59,0.51,0.58,1,168,0.55,0.39,0.62,0.94,0.63,0.18,0.2,0.77
78,icmp,dns,SH,42244,49039,1,3,0,9,1,1,0,1,0,3,3,2,4,0,0,0,185,373,0.81,0.58,0.72,0.72,0.77,0.28,0.15,143,47,0.56,0.11,0.29,0.16,0.08,0.1,0.38,0.42
78,udp,ssh,SF,15357,42888,1,2,0,9,2,0,1,1,0,2,1,1,0,0,0,1,231,140,0.54,0.81,0.24,0.36,0.58,0.71,0.67,156,201,0.97,0.73,0.91,0.4,0.12,0.42,0.9,0.06
95,icmp,ftp,S0,47031,1043,0,1,0,10,3,1,1,0,1,4,2,0,1,0,0,0,355,55,0.76,0.02,0.38,0.79,0.39,0.18,0.77,31,62,0.9,0.27,0.82,0.36,0.72,0.5,0.68,0.07
22,icmp,smtp,SF,20526,34978,1,0,0,3,5,0,1,1,1,5,1,1,4,0,0,0,22,327,0.65,0.51,0.3,0.51,0.35,0.38,0.37,209,229,0.24,0.57,0.51,0.5,0.44,0.49,0.34,0.52
44,udp,dns,RSTO,38916,32233,1,1,0,1,1,1,5,1,1,5,5,2,3,0,0,1,161,416,0.83,0.51,0.73,0.13,0.09,0.53,0.01,64,26,0.23,0.12,0.91,0.67,0.1,0.16,0.29,0.38
6,tcp,dns,SH,49017,39060,0,3,0,5,3,1,5,1,0,0,1,1,5,0,0,0,46,182,0.7,0.2,0.25,0.08,0.18,0.54,0.75,69,152,0.6,0.4,0.78,0.26,0.84,0.14,0.5,0.33
95,udp,http,REJ,15116,7443,0,0,0,1,2,1,5,1,0,4,4,0,1,0,0,0,25,66,0.82,0.84,0.79,0.91,0.54,0.92,0.83,131,131,0.62,0.98,0.13,0.63,0.52,0.36,0.92,0.91
57,icmp,ftp_data,SF,7858,18991,1,2,0,4,0,1,0,1,0,3,1,0,5,0,0,1,71,169,0.44,0.19,0.45,0.2,0.76,0.95,0.18,129,52,0.64,0.84,0.59,0.46,0.81,0.56,0.94,0.97
27,udp,smtp,REJ,28708,7722,1,3,0,10,0,0,2,0,1,2,1,2,1,0,0,0,22,470,0.29,0.93,0.98,0.1,0.56,0.62,0.69,240,229,0.85,0.7,0.7,0.18,0.26,0.62,0.92,0.12
26,udp,ssh,SF,48818,19838,0,1,0,6,4,1,2,1,1,1,5,0,1,0,0,0,502,278,0.86,0.33,0.49,0.73,0.95,0.02,0.9,205,105,0.23,0.99,0.86,0.6,0.29,0.73,0.28,0.52
17,icmp,dns,SH,24053,29465,0,2,0,7,4,1,0,0,0,0,1,0,0,0,0,1,75,84,0.6,0.91,0.28,0.36,0.21,0.05,0.35,149,30,0.21,0.96,0.94,0.13,0.51,0.8,0.12,0.02
23,tcp,ftp,S0,12778,6167,0,1,0,4,1,0,1,1,1,2,4,0,1,0,0,0,308,361,0.28,0.98,0.3,0.24,0.07,0.42,0.52,154,81,0.63,0.13,0.26,0.95,0.92,0.45,0.96,0.56
55,udp,other,REJ,13874,13445,0,3,0,2,1,0,2,1,1,4,1,2,1,0,0,0,111,465,0.49,0.97,0.14,0.79,0.02,0.64,0.25,27,51,0.9,0.74,0.7,0.48,0.97,0.38,0.95,0.03
59,icmp,dns,RSTO,42323,31154,1,3,0,6,3,1,2,0,0,1,2,0,2,0,0,1,102,381,0.63,0.94,0.76,0.79,0.7,0.29,0.22,123,234,0.03,0.79,0.4,0.46,0.6,0.12,0.34,0.94
15,udp,http,SH,28264,2074,0,3,0,10,2,1,4,0,1,2,0,0,0,0,0,1,301,138,0.12,0.12,0.27,0.07,0.76,0.63,0.56,98,214,0.35,0.93,0.53,0.81,0.86,0.53,0.49,0.65
58,icmp,http,SF,39764,49542,1,1,0,8,1,1,3,0,1,3,2,2,3,0,0,0,497,54,0.82,0.96,0.92,0.37,0.01,0.82,0.5,141,199,0.26,0.14,0.07,0.56,0.29,0.99,0.38,0.59
94,tcp,ssh,SF,18049,6707,0,1,0,6,0,0,2,0,0,5,1,0,2,0,0,0,508,114,0.53,0.04,0.53,0.25,0.44,0.27,0.36,148,46,0.81,0.49,0.94,0.06,0.15,0.67,0.03,0.18
89,tcp,other,RSTO,26222,23482,1,3,0,6,0,1,4,1,0,1,4,2,3,0,0,0,50,174,0.82,0.26,0.37,0.68,0.28,0.56,0.91,94,52,0.67,0.16,0.95,0.79,0.45,0.64,0.82,0.34
92,icmp,dns,REJ,13633,11576,1,2,0,8,0,1,5,1,0,5,5,0,3,0,0,0,66,486,0.8,0.19,0.38,0.3,0.94,0.27,0.41,239,126,0.62,0.71,0.02,0.34,0.94,0.06,0.68,0.3
39,udp,ftp,REJ,39175,48706,1,1,0,0,1,1,5,1,1,1,0,2,2,0,0,1,422,284,0.0,0.25,0.64,0.82,0.33,0.58,0.15,131,12,0.2,0.7,0.5,0.72,0.64,0.01,0.64,0.03
0,udp,dns,RSTO,34688,23758,1,0,0,7,5,0,2,0,0,3,2,2,5,0,0,0,236,228,0.76,0.45,0.64,0.39,0.72,0.63,0.48,75,235,0.55,0.07,0.38,0.01,0.43,0.81,0.83,0.37
31,tcp,smtp,SF,47344,37463,0,3,0,0,0,1,3,1,0,4,0,1,3,0,0,1,239,276,0.86,0.04,0.93,0.53,0.55,0.05,0.39,58,93,0.91,0.18,0.72,0.0,0.32,0.03,0.07,0.82
